A01-00;0
A01-3;0
A02-A;0
A02-B;0
A02-C;0
A02-D;0
A02-E;0
A02-F;0
A02-G;0
A1;1
A1-00;2
A1-01;3
A1-02;4
A1-A01-A;5
A1-A01-B;6
A1-A02-A;7
A1-A02-B;8
A1-A03-A;9
A1-A03-B;10
A1-A04-A;11
A1-A04-B;12
A1-B01-A;13
A1-B01-B;14
A1-B02-A;15
A1-B02-B;16
A1-B03-A;17
A1-B03-B;18
A1-B04-A;19
A1-B04-B;20
A1-C01-A;21
A1-C01-B;22
A1-C02-A;23
A1-C02-B;24
A1-C03-A;25
A1-C03-B;26
A1-C04-A;27
A1-C04-B;28
A1-D01-A;29
A1-D01-B;30
A1-D02-A;31
A1-D02-B;32
A1-D03-A;33
A1-D03-B;34
A1-D04-A;35
A1-D04-B;36
A1-E01-A;37
A1-E01-B;38
A1-E02-A;39
A1-E02-B;40
A1-E03-A;41
A1-E03-B;42
A1-E04-A;43
A1-E04-B;44
A1-F01-A;45
A1-F01-B;46
A1-F02-A;47
A1-F02-B;48
A1-F03-A;49
A1-F03-B;50
A1-F04-A;51
A1-F04-B;52
A1-G01-A;53
A1-G01-B;54
A1-G02-A;55
A1-G02-B;56
A1-G03-A;57
A1-G03-B;58
A1-G04-A;59
A1-G04-B;60
A1-H01-A;61
A1-H01-B;62
A1-H02-A;63
A1-H02-B;64
A1-H03-A;65
A1-H03-B;66
A1H03-B;67
A1-H04-A;68
A1-H04-B;69
A1-J01-A;70
A1-J01-B;71
A1-J02-A;72
A1-J02-B;73
A1-J03-A;74
A1-J03-B;75
A1-J04-A;76
A1-J04-B;77
A1-K01-A;78
A1-K01-B;79
A1-K02-A;80
A1-K02-B;81
A1-K03-A;82
A1-K03-B;83
A1-K04-A;84
A1-K04-B;85
A1-L01-A;86
A1-L01-B;87
A1-L02-A;88
A1-L02-B;89
A1-L03-A;90
A1-L03-B;91
A1-L04-A;92
A1-L04-B;93
A1-M01-A;94
A1-M01-B;95
A1-M02-A;96
A1-M02-B;97
A1-M03-A;98
A1-M03-B;99
A1-M04-A;100
A1-M04-B;101
A2-1;200
A2-10;210
A2-11;211
A2-12;212
A2-13;213
A2-14;214
A2-15;215
A2-16;216
A2-17;217
A2-18;218
A2-19;219
A2-2;201
A2-20;220
A2-21;221
A2-22;222
A2-23;223
A2-24;224
A2-25;225
A2-26;226
A2-27;227
A2-28;228
A2-29;229
A2-3;203
A2-30;230
A2-31;231
A2-32;232
A2-33;233
A2-4;204
A2-5;205
A2-6;206
A2-7;207
A2-8;208
A2-9;209
A3;234
A4;235
ARKIV RUM;
B01-A01-A;300
B01-A01-B;301
B01-A01-C;302
B01-A01-D;303
B01-A01-E;304
B01-A02-A;305
B01-A02-B;306
B01-A02-C;307
B01-A02-D;308
B01-A02-E;309
B01-A02-F;310
B01-A03-A;311
B01-A03-B;312
B01-A03-C;313
B01-A03-D;314
B01-A03-E;315
B01-A04-A;316
B01-A04-B;317
B01-A04-C;318
B01-A04-D;319
B01-A04-E;320
B01-B01-A;321
B01-B01-B;322
B01-B01-C;323
B01-B01-D;324
B01-B01-E;325
B01-B01-F;326
B01-B02-A;327
B01-B02-B;328
B01-B02-C;329
B01-B02-D;330
B01-B02-E;331
B01-B02-F;332
B01-B03-A;333
B01-B03-B;334
B01-B03-C;335
B01-B03-D;336
B01-B04-A;337
B01-B04-B;338
B01-B04-C;339
B01-B04-D;340
B01-B04-E;341
B01-B05-A;342
B01-B05-B;343
B01-B05-C;344
B01-B05-D;345
B01-B05-E;346
B01-B05-F;347
B01-B05-G;348
B01-B05-H;349
B01-B05-J;350
B01-B06-A;351
B01-B06-B;352
B01-B06-C;353
B01-B06-D;354
B01-B06-E;355
B01-B06-F;356
B01-C01-A;357
B01-C01-B;358
B01-C01-C;359
B01-C01-D;360
B01-C01-F;361
B01-C02-A;362
B01-C02-B;363
B01-C02-C;364
B01-C02-D;365
B01-C02-E;366
B01-C02-F;367
B01-C03-A;368
B01-C03-B;369
B01-C03-C;370
B01-C03-D;371
B01-C03-E;372
B01-C04-A;373
B01-C04-B;374
B01-C04-C;375
B01-C04-D;376
B01-C05-A;377
B01-C05-B;378
B01-C05-C;379
B01-C06-A;380
B01-C06-B;381
B01-C06-C;382
B01-C06-D;383
B01-C06-E;384
B01-C06-F;385
B02-A01-A;386
B02-A01-B;387
B02-A01-C;388
B02-A01-D;389
B02-A01-E;390
B02-A01-F;391
B02-A02-A;392
B02-A02-B;393
B02-A02-C;394
B02-A02-D;395
B02-A02-E;396
B02-A02-F;397
B02-A02-G;398
B02-A02-H;399
B02-A03-A;400
B02-A03-B;401
B02-A03-C;402
B02-A03-D;403
B02-A03-E;404
B02-A03-F;405
B02-A03-G;406
B02-A04-A;407
B02-A04-B;408
B02-A04-C;409
B02-A04-D;410
B02-A04-E;411
B02-A04-F;412
B02-A05-A;413
B02-A05-B;414
B02-A05-C;415
B02-A05-D;416
B02-B01-A;417
B02-B01-D;418
B02-B01-F;419
B02-B02-A;420
B02-B02-B;421
B02-B02-C;422
B02-B02-D;423
B02-B02-E;424
B02-B03-A;425
B02-B03-B;426
B02-B03-C;427
B02-B03-D;428
B02-B03-E;429
B02-B04-A;430
B02-B04-B;431
B02-B04-C;432
B02-B04-D;433
B02-B04-E;434
B02-B05-A;435
B02-B05-B;436
B02-B05-C;437
B02-B05-D;438
B02-C01-A;439
B02-C01-B;440
B02-C01-C;441
B02-C01-D;442
B02-C02-A;443
B02-C02-B;444
B02-C02-C;445
B02-C02-D;446
B02-C02-E;447
B02-C03-A;448
B02-C03-B;449
B02-C03-C;450
B02-C03-D;451
B02-C03-E;452
B02-C04-A;452
B02-C04-B;453
B02-C04-C;454
B02-C04-D;455
B02-C04-E;456
B02-C05-A;457
B02-C05-B;458
B02-C05-C;459
B02-C05-D;460
B02-D01-A;461
B02-D01-B;462
B02-D02-A;463
B02-D02-B;464
B02-D02-C;465
B02-D02-D;466
B02-D02-E;467
B02-D03-A;468
B02-D03-B;469
B02-D03-C;470
B02-D03-D;471
B02-D03-E;472
B02-D04-A;473
B02-D04-B;474
B02-D04-C;475
B02-D04-D;476
B02-D04-E;477
B02-D05-A;478
B02-D05-B;479
B02-D05-C;480
B02-D05-D;481
B02-E01-A;482
B02-E01-B;483
B02-E02-A;484
B02-E02-B;485
B02-E02-C;486
B02-E02-D;487
B02-E02-E;488
B02-E02-F;489
B02-E03-A;490
B02-E03-B;491
B02-E03-C;492
B02-E03-D;493
B02-E03-E;494
B02-E04-A;495
B02-E04-B;496
B02-E05-A;497
B02-E05-B;498
B02-E05-C;499
B02-F01-A;500
B02-F01-B;501
B02-F02-A;502
B02-F02-B;503
B02-F02-C;504
B02-F02-D;505
B02-F03-A;506
B02-F03-B;507
B02-F03-C;508
B02-F03-D;509
B02-F04-A;510
B02-F04-B;511
B02-F04-C;512
B02-F04-D;513
B02-F04-E;514
B02-F05-A;515
B02-F05-B;516
B02-F05-C;517
B02-G01-A;518
B02-G01-B;519
B02-G02-A;520
B02-G02-B;521
B02-G02-C;522
B02-G02-D;523
B02-G02-E;524
B02-G03-A;525
B02-G03-B;526
B02-G03-C;527
B02-G03-D;528
B02-G03-E;529
B02-G04-A;530
B02-G04-B;531
B02-G04-C;532
B02-G05-A;533
B02-G05-B;534
B02-G05-C;535
B02-H01-A;536
B02-H01-B;537
B02-H01-C;538
B02-H02-A;539
B02-H02-B;540
B02-H02-C;541
B02-H02-D;542
B02-H02-E;543
B02-H03-A;544
B02-H03-C;545
B02-H03-D;546
B02-H03-E;547
B02-H04-A;548
B02-H04-B;549
B02-H04-C;550
B02-H04-D;551
B02-H05-A;552
B02-H05-B;553
B02-H05-C;554
B02-H05-D;555
B02-J01-A;556
B02-J01-B;557
B02-J01-C;558
B02-J02-A;559
B02-J02-B;560
B02-J02-C;561
B02-J02-D;562
B02-J02-E;563
B02-J02-F;564
B02-J03-A;565
B02-J03-B;566
B02-J03-C;567
B02-J03-D;568
B02-J04-A;569
B02-J04-B;570
B02-J04-C;571
B02-J04-D;572
B02-J05-A;573
B02-J05-B;574
B02-J05-C;575
B02-K01-A;576
B02-K01-B;577
B02-K02-A;578
B02-K02-B;579
B02-K02-C;580
B02-K02-D;581
B02-K02-E;582
B02-K02-F;583
B02-K03-A;584
B02-K03-B;585
B02-K03-C;586
B02-K03-D;587
B02-K03-F;588
B02-K04-A;589
B02-K04-B;590
B02-K04-C;591
B02-K04-D;592
B02-K05-A;593
B02-K05-B;594
B02-K05-C;595
B02-L01-A;596
B02-L01-B;597
B02-L02-A;598
B02-L02-B;599
B02-L02-C;600
B02-L02-D;601
B02-L02-E;602
B02-L02-F;603
B02-L03-A;604
B02-L03-B;605
B02-L03-C;606
B02-L03-D;607
B02-L03-E;608
B02-L03-F;609
B02-L04-A;610
B02-L04-B;611
B02-L04-C;612
B02-L04-D;613
B02-L04-E;614
B02-L04-F;615
B02-L05-A;616
B02-L05-B;617
B02-L05-C;618
B02-L05-D;619
B02-M01-A;620
B02-M01-B;621
B02-M02-A;622
B02-M02-B;623
B02-M02-C;624
B02-M02-D;625
B02-M02-E;626
B02-M03-A;627
B02-M03-B;628
B02-M03-C;629
B02-M03-D;630
B02-M03-E;631
B02-M04-A;632
B02-M04-B;633
B02-M04-C;634
B02-M04-D;635
B02-M05-A;636
B02-M05-B;637
B02-N01-A;638
B02-N01-B;639
B02-N02-A;640
B02-N02-B;641
B02-N02-C;642
B02-N03-A;643
B02-N03-B;644
B02-N03-C;645
B02-N03-D;646
B02-N04-A;647
B02-N04-B;648
B02-N04-C;649
B02-N04-D;650
B02-N05-A;651
B02-N05-B;652
B02-N05-C;653
B02-O01-A;654
B02-O01-B;655
B02-O02-A;656
B02-O02-B;657
B02-O03-A;658
B02-O03-B;659
B02-O03-C;660
B02-O04-A;661
B02-O04-B;662
B02-O05-A;663
B02-O05-B;664
B02-P01-A;665
B02-P01-B;666
B02-P02-A;667
B02-P02-B;668
B02-P03-A;669
B02-P03-B;670
B02-P04-A;671
B02-P04-B;672
B02-P05-A;673
B02-P05-B;674
B03-A01-A;861
B03-A01-B;862
B03-A01-C;863
B03-A01-D;864
B03-A01-E;865
B03-A02-A;866
B03-A02-B;867
B03-A02-C;868
B03-A02-D;869
B03-A03-A;870
B03-A03-B;871
B03-A03-C;872
B03-A03-D;873
B03-A03-E;874
B03-A04-A;875
B03-A04-B;876
B03-A04-C;877
B03-A04-D;878
B03-A05-A;879
B03-A05-B;880
B03-A05-C;881
B03-B01-A;840
B03-B02-A;841
B03-B02-B;842
B03-B02-C;843
B03-B02-D;844
B03-B02-E;845
B03-B02-F;846
B03-B03-A;847
B03-B03-B;848
B03-B03-C;849
B03-B04-A;850
B03-B04-B;851
B03-B04-C;852
B03-B04-D;853
B03-B04-E;854
B03-B04-F;855
B03-B05-A;856
B03-B05-B;857
B03-B05-C;858
B03-B05-D;859
B03-B05-E;860
B03-C01-A;821
B03-C02-A;822
B03-C02-B;823
B03-C02-C;824
B03-C02-D;825
B03-C03-A;826
B03-C03-B;827
B03-C03-C;828
B03-C03-D;829
B03-C03-E;830
B03-C03-F;831
B03-C03-G;832
B03-C04-A;833
B03-C04-B;834
B03-C04-C;835
B03-C04-D;836
B03-C05-A;837
B03-C05-B;838
B03-C05-C;839
B03-D01-A;809
B03-D01-B;810
B03-D02-A;811
B03-D02-B;812
B03-D02-C;813
B03-D03-A;814
B03-D03-B;815
B03-D04-A;816
B03-D04-B;817
B03-D05-A;818
B03-D05-B;819
B03-D05-E;820
B03-E01-A;789
B03-E01-B;790
B03-E02-A;791
B03-E02-B;792
B03-E02-C;793
B03-E02-D;794
B03-E02-E;795
B03-E03-A;796
B03-E03-B;797
B03-E03-C;798
B03-E03-D;799
B03-E03-E;800
B03-E04-A;801
B03-E04-B;802
B03-E04-C;803
B03-E04-D;804
B03-E05-A;805
B03-E05-B;806
B03-E05-C;807
B03-E05-E;808
B03-F01-A;772
B03-F01-B;773
B03-F02-A;774
B03-F02-B;775
B03-F02-C;776
B03-F02-D;777
B03-F02-E;778
B03-F03-A;779
B03-F03-B;780
B03-F03-C;781
B03-F03-D;782
B03-F04-A;783
B03-F04-B;784
B03-F04-C;785
B03-F05-A;786
B03-F05-B;787
B03-F05-C;788
B03-G01-A;755
B03-G01-B;756
B03-G02-A;757
B03-G02-B;758
B03-G02-C;759
B03-G02-D;760
B03-G02-E;761
B03-G03-A;762
B03-G03-B;763
B03-G03-C;764
B03-G03-D;765
B03-G04-A;766
B03-G04-B;767
B03-G04-C;768
B03-G05-A;769
B03-G05-B;770
B03-G05-C;771
B03-H01-A;742
B03-H02-A;743
B03-H02-B;744
B03-H02-C;745
B03-H02-D;746
B03-H03-A;747
B03-H03-B;748
B03-H03-C;749
B03-H04-A;750
B03-H04-B;751
B03-H04-C;752
B03-H05-A;753
B03-H05-B;754
B03-J01-A;728
B03-J01-B;729
B03-J02-A;730
B03-J02-B;731
B03-J02-C;732
B03-J02-D;733
B03-J03-A;734
B03-J03-B;735
B03-J03-C;736
B03-J04-A;737
B03-J04-B;738
B03-J04-C;739
B03-J05-A;740
B03-J05-B;741
B03-K01-A;714
B03-K01-B;715
B03-K02-A;716
B03-K02-B;717
B03-K02-C;718
B03-K02-D;719
B03-K03-A;720
B03-K03-B;721
B03-K03-C;722
B03-K04-A;723
B03-K04-B;724
B03-K04-C;725
B03-K05-A;726
B03-K05-B;727
B03-L01-A;700
B03-L01-B;701
B03-L02-A;702
B03-L02-B;703
B03-L02-C;704
B03-L02-D;705
B03-L03-A;706
B03-L03-B;707
B03-L03-C;708
B03-L04-A;709
B03-L04-B;710
B03-L04-C;711
B03-L05-A;712
B03-L05-B;713
B04-A01-A;900
B04-A01-B;901
B04-A02-A;902
B04-A02-B;903
B04-A02-C;904
B04-A02-D;905
B04-A02-E;906
B04-A03-A;907
B04-A03-B;908
B04-A04-A;909
B04-A04-B;910
B04-A05-A;911
B04-A05-B;912
B04-A05-C;913
B04-A05-D;914
B04-B01-A;915
B04-B01-B;916
B04-B02-A;917
B04-B02-B;918
B04-B02-C;919
B04-B02-D;920
B04-B02-E;921
B04-B03-A;922
B04-B03-B;923
B04-B03-C;924
B04-B03-D;925
B04-B03-E;926
B04-B04-A;927
B04-B04-B;928
B04-B04-C;929
B04-B04-D;930
B04-B05-A;931
B04-B05-B;932
B04-C01-A;933
B04-C01-B;934
B04-C02-A;935
B04-C02-B;936
B04-C02-C;937
B04-C02-D;938
B04-C02-E;939
B04-C03-A;940
B04-C03-B;941
B04-C03-C;942
B04-C03-D;943
B04-C03-E;944
B04-C04-A;945
B04-C04-B;946
B04-C04-C;947
B04-C04-D;948
B04-C04-E;949
B04-C05-A;950
B04-C05-B;951
B04-C05-C;952
B04-C05-D;953
B04-C05-E;954
B04-C05-F;955
B04-D01-A;956
B04-D01-B;957
B04-D02-A;958
B04-D02-B;959
B04-D02-C;960
B04-D02-D;961
B04-D02-E;962
B04-D03-A;963
B04-D03-B;964
B04-D03-C;965
B04-D03-D;966
B04-D04-A;967
B04-D04-B;968
B04-D04-C;969
B04-D04-D;970
B04-D04-E;971
B04-D05-A;972
B04-D05-B;973
B04-D05-C;974
B04-E01-A;975
B04-E01-B;976
B04-E02-A;977
B04-E02-B;978
B04-E02-C;979
B04-E02-D;980
B04-E02-E;981
B04-E03-A;982
B04-E03-B;983
B04-E03-C;984
B04-E03-D;985
B04-E03-E;986
B04-E04-A;987
B04-E04-B;988
B04-E04-C;989
B04-E04-D;990
B04-E04-E;991
B04-E04-F;992
B04-E05-A;993
B04-E05-B;994
B04-E05-C;995
B04-E05-D;996
B04-E05-E;997
B04-F01-A;998
B04-F01-B;999
B04-F02-A;1000
B04-F02-B;1001
B04-F02-C;1002
B04-F03-A;1003
B04-F03-B;1004
B04-F03-C;1005
B04-F03-D;1006
B04-F03-E;1007
B04-F04-A;1008
B04-F04-B;1009
B04-F04-C;1010
B04-F04-D;1011
B04-F04-E;1012
B04-F05-A;1013
B04-F05-B;1014
B04-F05-C;1015
B04-F05-D;1016
B04-F05-E;1017
B04-G01-A;1018
B04-G01-B;1019
B04-G02-A;1020
B04-G02-B;1021
B04-G02-C;1022
B04-G02-D;1023
B04-G02-E;1024
B04-G02-F;1025
B04-G03-A;1026
B04-G03-B;1027
B04-G03-C;1028
B04-G03-D;1029
B04-G03-E;1030
B04-G04-A;1031
B04-G04-B;1032
B04-G04-C;1033
B04-G04-D;1034
B04-G04-E;1035
B04-G05-A;1036
B04-G05-B;1037
B04-G05-C;1038
B04-H01-A;1039
B04-H01-B;1040
B04-H02-A;1041
B04-H02-B;1042
B04-H03-A;1043
B04-H03-B;1044
B04-H03-C;1045
B04-H03-D;1046
B04-H03-E;1047
B04-H04-A;1048
B04-H04-B;1049
B04-H04-C;1050
B04-H04-D;1051
B04-H04-E;1052
B04-H05-A;1053
B04-H05-B;1054
B04-H05-C;1055
B04-J01-A;1056
B04-J01-B;1057
B04-J02-A;1058
B04-J02-B;1059
B04-J02-C;1060
B04-J03-A;1061
B04-J03-B;1062
B04-J03-C;1063
B04-J04-A;1064
B04-J04-B;1065
B04-J04-C;1066
B04-J04-D;1067
B04-J04-E;1068
B04-J04-F;1069
B04-J04-G;1070
B04-J05-A;1071
B04-J05-B;1072
B04-J05-C;1073
B04-J05-D;1074
B04-K01-A;1075
B04-K01-B;1076
B04-K02-A;1077
B04-K02-B;1078
B04-K02-C;1079
B04-K02-D;1080
B04-K03-A;1081
B04-K03-B;1082
B04-K03-C;1083
B04-K03-E;1084
B04-K04-A;1085
B04-K04-B;1086
B04-K04-C;1087
B04-K04-D;1088
B04-K04-E;1089
B04-K05-A;1090
B04-K05-B;1091
B04-K05-C;1092
B04-K05-D;1093
B04-K05-E;1094
B04-L01-A;1095
B04-L01-B;1096
B04-L02-A;1097
B04-L02-B;1098
B04-L02-C;1099
B04-L02-D;1100
B04-L02-E;1101
B04-L03-A;1102
B04-L03-B;1103
B04-L03-C;1104
B04-L03-D;1105
B04-L04-A;1106
B04-L04-B;1107
B04-L04-C;1108
B04-L04-D;1109
B04-L04-E;1110
B04-L05-A;1111
B04-L05-B;1112
B04-L05-C;1113
B04-L05-D;1114
B05-A01-A;1278
B05-A01-B;1279
B05-A02-A;1280
B05-A02-B;1281
B05-A02-C;1282
B05-A02-D;1283
B05-A03-A;1284
B05-A03-B;1285
B05-A03-C;1286
B05-A04-A;1287
B05-A04-B;1288
B05-A04-C;1289
B05-A05-A;1290
B05-A05-B;1291
B05-A05-C;1292
B05-B01-A;1262
B05-B01-B;1263
B05-B02-A;1264
B05-B02-B;1265
B05-B02-C;1266
B05-B02-D;1267
B05-B03-A;1268
B05-B03-B;1269
B05-B03-C;1270
B05-B03-E;1271
B05-B04-A;1272
B05-B04-B;1273
B05-B04-C;1274
B05-B05-A;1275
B05-B05-B;1276
B05-B05-C;1277
B05-C01-A;1247
B05-C01-B;1248
B05-C02-A;1249
B05-C02-B;1250
B05-C02-C;1251
B05-C02-D;1252
B05-C03-A;1253
B05-C03-B;1254
B05-C03-C;1255
B05-C04-A;1256
B05-C04-B;1257
B05-C04-C;1258
B05-C05-A;1259
B05-C05-B;1260
B05-C05-C;1261
B05-D01-A;1232
B05-D01-B;1233
B05-D02-A;1234
B05-D02-B;1235
B05-D02-C;1236
B05-D02-D;1237
B05-D03-A;1238
B05-D03-B;1239
B05-D03-C;1240
B05-D04-A;1241
B05-D04-B;1242
B05-D04-C;1243
B05-D05-A;1244
B05-D05-B;1245
B05-D05-C;1246
B05-E01-A;1208
B05-E02-A;1209
B05-E02-B;1210
B05-E02-C;1211
B05-E02-D;1212
B05-E02-E;1213
B05-E02-F;1214
B05-E03-A;1215
B05-E03-B;1216
B05-E03-C;1217
B05-E04-A;1218
B05-E04-B;1219
B05-E04-C;1220
B05-E04-D;1221
B05-E04-E;1222
B05-E04-F;1223
B05-E04-G;1224
B05-E04-H;1225
B05-E04-J;1226
B05-E05-A;1227
B05-E05-B;1228
B05-E05-C;1229
B05-E05-D;1230
B05-E05-E;1231
B05-F01-A;1194
B05-F01-B;1195
B05-F02-A;1196
B05-F02-B;1197
B05-F02-C;1198
B05-F03-A;1199
B05-F03-B;1200
B05-F03-C;1201
B05-F04-A;1202
B05-F04-B;1203
B05-F04-C;1204
B05-F04-D;1205
B05-F05-A;1206
B05-F05-B;1207
B05-G02-A;1181
B05-G02-B;1182
B05-G02-C;1183
B05-G03-A;1184
B05-G03-B;1185
B05-G03-C;1186
B05-G03-D;1187
B05-G03-E;1188
B05-G04-A;1189
B05-G04-B;1190
B05-G04-C;1191
B05-G05-A;1192
B05-G05-B;1193
B05-H02-A;1164
B05-H02-B;1165
B05-H02-C;1166
B05-H03-A;1167
B05-H03-B;1168
B05-H03-C;1169
B05-H03-D;1170
B05-H03-E;1171
B05-H04-A;1172
B05-H04-B;1173
B05-H04-C;1174
B05-H04-D;1175
B05-H04-E;1176
B05-H04-F;1177
B05-H05-A;1178
B05-H05-B;1179
B05-H05-C;1180
B05-J01-A;1148
B05-J02-A;1149
B05-J02-B;1150
B05-J02-E;1151
B05-J03-A;1152
B05-J03-B;1153
B05-J03-C;1154
B05-J03-D;1155
B05-J03-E;1156
B05-J04-A;1157
B05-J04-B;1158
B05-J04-C;1159
B05-J04-D;1160
B05-J04-E;1161
B05-J05-A;1162
B05-J05-B;1163
B05-K02-A;1135
B05-K02-B;1136
B05-K02-C;1137
B05-K02-D;1138
B05-K03-A;1139
B05-K03-B;1140
B05-K03-C;1141
B05-K03-D;1142
B05-K04-A;1143
B05-K04-B;1144
B05-K04-C;1143
B05-K04-D;1144
B05-K05-A;1145
B05-K05-B;1146
B05-K05-C;1147
B05-L01-A;1115
B05-L01-B;1116
B05-L02-A;1117
B05-L02-B;1118
B05-L02-C;1119
B05-L02-D;1120
B05-L02-E;1121
B05-L03-A;1122
B05-L03-B;1123
B05-L03-C;1124
B05-L03-D;1125
B05-L03-E;1126
B05-L03-F;1127
B05-L04-A;1128
B05-L04-B;1129
B05-L04-C;1130
B05-L04-D;1131
B05-L04-E;1132
B05-L05-A;1133
B05-L05-B;1134
B06-A01-A;1300
B06-A01-B;1301
B06-A02-A;1302
B06-A02-B;1303
B06-A02-C;1304
B06-A02-D;1305
B06-A02-E;1306
B06-A02-F;1307
B06-A03-A;1308
B06-A03-B;1309
B06-A03-C;1310
B06-A03-D;1311
B06-A03-E;1312
B06-A04-A;1313
B06-A04-B;1314
B06-A04-C;1315
B06-A04-D;1316
B06-A05-A;1317
B06-A05-B;1318
B06-A05-C;1319
B06-B01-A;1320
B06-B01-B;1321
B06-B02-A;1322
B06-B02-B;1323
B06-B02-C;1324
B06-B02-D;1325
B06-B02-E;1326
B06-B02-F;1327
B06-B03-A;1328
B06-B03-B;1329
B06-B03-C;1330
B06-B03-D;1331
B06-B04-A;1332
B06-B04-B;1333
B06-B04-C;1334
B06-B04-D;1335
B06-B04-E;1336
B06-B05-A;1337
B06-B05-B;1338
B06-C01-A;1339
B06-C01-B;1340
B06-C02-A;1341
B06-C02-B;1342
B06-C02-C;1343
B06-C02-D;1344
B06-C02-E;1345
B06-C03-A;1346
B06-C03-B;1347
B06-C03-C;1348
B06-C03-D;1349
B06-C03-E;1350
B06-C04-A;1351
B06-C04-B;1352
B06-C04-C;1353
B06-C04-D;1354
B06-C04-E;1355
B06-C05-A;1356
B06-C05-B;1357
B06-D01-A;1358
B06-D01-B;1359
B06-D02-A;1360
B06-D02-B;1361
B06-D02-C;1362
B06-D02-D;1363
B06-D03-A;1364
B06-D03-B;1365
B06-D03-C;1366
B06-D03-D;1367
B06-D04-A;1368
B06-D04-B;1369
B06-D04-C;1370
B06-D04-D;1371
B06-D04-E;1372
B06-D05-A;1373
B06-D05-B;1374
B06-D05-C;1375
B06-D05-D;1376
B06-E01-A;1377
B06-E01-B;1378
B06-E02-A;1379
B06-E02-B;1380
B06-E02-C;1381
B06-E03-A;1382
B06-E03-B;1383
B06-E03-C;1384
B06-E03-D;1385
B06-E04-A;1386
B06-E04-B;1387
B06-E04-C;1388
B06-E04-D;1389
B06-E05-A;1390
B06-E05-B;1391
B06-E05-C;1392
B06-E05-D;1393
B06-F01-A;1394
B06-F01-B;1395
B06-F02-A;1396
B06-F02-B;1397
B06-F02-C;1398
B06-F02-D;1399
B06-F03-A;1400
B06-F03-B;1401
B06-F03-C;1402
B06-F03-D;1403
B06-F03-E;1404
B06-F04-A;1405
B06-F04-B;1406
B06-F04-C;1407
B06-F04-D;1408
B06-F05-A;1409
B06-F05-B;1410
B06-F05-C;1411
B06-G01-A;1412
B06-G01-B;1413
B06-G02-A;1414
B06-G02-B;1415
B06-G02-C;1416
B06-G02-D;1417
B06-G02-E;1418
B06-G03-A;1419
B06-G03-B;1420
B06-G03-C;1421
B06-G03-D;1422
B06-G03-E;1423
B06-G04-A;1424
B06-G04-B;1425
B06-G04-C;1426
B06-G05-A;1427
B06-G05-B;1428
B06-H01-A;1429
B06-H01-B;1430
B06-H02-A;1431
B06-H02-B;1432
B06-H02-C;1433
B06-H02-D;1434
B06-H02-E;1435
B06-H03-A;1436
B06-H03-B;1437
B06-H03-C;1438
B06-H03-D;1439
B06-H03-E;1440
B06-H04-A;1441
B06-H04-B;1442
B06-H04-C;1443
B06-H04-D;1444
B06-H05-A;1445
B06-H05-B;1446
B06-H05-C;1447
B06-H05-D;1448
B06-J01-A;1449
B06-J01-B;1450
B06-J02-A;1451
B06-J02-B;1452
B06-J02-C;1453
B06-J03-A;1454
B06-J03-B;1455
B06-J03-C;1456
B06-J03-D;1457
B06-J03-E;1458
B06-J04-A;1459
B06-J04-B;1460
B06-J04-C;1461
B06-J04-D;1462
B06-J05-A;1463
B06-J05-B;1464
B06-J05-C;1465
B06-K01-A;1466
B06-K01-B;1467
B06-K02-A;1468
B06-K02-B;1469
B06-K02-C;1470
B06-K02-D;1471
B06-K03-A;1472
B06-K03-B;1473
B06-K03-C;1474
B06-K03-D;1475
B06-K04-A;1476
B06-K04-B;1477
B06-K04-C;1478
B06-K04-D;1479
B06-K05-A;1480
B06-K05-B;1481
B06-K05-C;1482
B06-L01-A;1483
B06-L01-B;1484
B06-L02-A;1485
B06-L02-B;1486
B06-L02-C;1487
B06-L02-D;1488
B06-L02-E;1489
B06-L02-F;1490
B06-L03-A;1491
B06-L03-B;1492
B06-L03-C;1493
B06-L04-A;1494
B06-L04-B;1495
B06-L05-A;1496
B06-L05-B;1497
B06-L05-C;1498
B07-A01-A;1686
B07-A02-A;1687
B07-A02-B;1688
B07-A02-C;1689
B07-A02-D;1690
B07-A02-E;1691
B07-A03-A;1692
B07-A03-B;1693
B07-A03-C;1694
B07-A03-D;1695
B07-A03-E;1696
B07-A03-F;1697
B07-A03-G;1698
B07-A04-A;1699
B07-A04-B;1700
B07-A05-A;1701
B07-A05-B;1702
B07-B01-A;1669
B07-B01-B;1670
B07-B02-A;1671
B07-B02-B;1672
B07-B02-C;1673
B07-B02-D;1674
B07-B03-A;1675
B07-B03-B;1676
B07-B03-C;1677
B07-B04-A;1678
B07-B04-B;1679
B07-B04-C;1680
B07-B04-D;1681
B07-B04-E;1682
B07-B05-A;1683
B07-B05-B;1684
B07-B05-C;1685
B07-C01-A;1651
B07-C01-B;1652
B07-C02-A;1653
B07-C02-B;1654
B07-C02-C;1655
B07-C02-D;1656
B07-C03-A;1657
B07-C03-B;1658
B07-C03-C;1659
B07-C03-D;1660
B07-C04-A;1661
B07-C04-B;1662
B07-C04-C;1662
B07-C04-D;1663
B07-C04-E;1664
B07-C05-A;1665
B07-C05-B;1666
B07-C05-C;1667
B07-C05-D;1668
B07-D01-A;1629
B07-D01-B;1630
B07-D02-A;1631
B07-D02-B;1632
B07-D02-C;1633
B07-D02-D;1634
B07-D02-E;1635
B07-D02-F;1636
B07-D03-A;1637
B07-D03-B;1638
B07-D03-C;1639
B07-D03-D;1640
B07-D03-E;1641
B07-D04-A;1642
B07-D04-B;1643
B07-D04-C;1644
B07-D04-D;1645
B07-D04-E;1646
B07-D05-A;1647
B07-D05-B;1648
B07-D05-C;1649
B07-D05-D;1650
B07-E01-A;1615
B07-E02-A;1616
B07-E02-B;1617
B07-E02-C;1618
B07-E03-A;1619
B07-E03-B;1620
B07-E03-C;1621
B07-E03-D;1622
B07-E03-E;1623
B07-E04-A;1624
B07-E04-B;1625
B07-E05-A;1626
B07-E05-B;1627
B07-E05-C;1628
B07-F01-A;1597
B07-F02-A;1598
B07-F02-B;1599
B07-F02-C;1600
B07-F02-D;1601
B07-F02-E;1602
B07-F03-A;1603
B07-F03-B;1604
B07-F03-C;1605
B07-F03-D;1606
B07-F04-A;1607
B07-F04-B;1608
B07-F04-C;1609
B07-F04-D;1610
B07-F05-A;1611
B07-F05-B;1612
B07-F05-C;1613
B07-F05-D;1614
B07-G01-A;1577
B07-G02-A;1578
B07-G02-B;1579
B07-G02-C;1580
B07-G02-D;1581
B07-G02-E;1582
B07-G03-A;1583
B07-G03-B;1584
B07-G03-C;1585
B07-G03-D;1586
B07-G03-E;1587
B07-G03-F;1588
B07-G04-A;1589
B07-G04-B;1590
B07-G04-C;1591
B07-G04-D;1592
B07-G04-E;1593
B07-G05-A;1594
B07-G05-B;1595
B07-G05-C;1596
B07-H01-A;1557
B07-H02-A;1558
B07-H02-B;1559
B07-H02-C;1560
B07-H02-D;1561
B07-H02-E;1562
B07-H03-A;1563
B07-H03-B;1564
B07-H03-C;1565
B07-H03-D;1566
B07-H03-E;1567
B07-H03-F;1568
B07-H04-A;1569
B07-H04-B;1570
B07-H04-C;1571
B07-H04-D;1572
B07-H05-A;1573
B07-H05-B;1574
B07-H05-C;1575
B07-H05-D;1576
B07-J01-A;1537
B07-J01-B;1538
B07-J02-A;1539
B07-J02-B;1540
B07-J02-C;1541
B07-J02-D;1542
B07-J02-E;1543
B07-J03-A;1544
B07-J03-B;1545
B07-J03-C;1546
B07-J03-D;1547
B07-J03-E;1548
B07-J04-A;1549
B07-J04-B;1550
B07-J04-C;1551
B07-J04-D;1552
B07-J04-E;1553
B07-J05-A;1554
B07-J05-B;1555
B07-J05-C;1556
B07-K01-A;1517
B07-K01-B;1518
B07-K02-A;1519
B07-K02-B;1520
B07-K02-C;1521
B07-K02-D;1522
B07-K02-E;1523
B07-K03-A;1524
B07-K03-B;1525
B07-K03-C;1526
B07-K03-D;1527
B07-K03-E;1528
B07-K03-F;1529
B07-K04-A;1530
B07-K04-B;1531
B07-K04-C;1532
B07-K05-A;1533
B07-K05-B;1534
B07-K05-C;1535
B07-K05-D;1536
B07-L01-A;1500
B07-L01-B;1501
B07-L02-A;1502
B07-L02-B;1503
B07-L02-C;1504
B07-L02-D;1505
B07-L02-E;1506
B07-L03-A;1507
B07-L03-B;1508
B07-L03-C;1509
B07-L03-D;1510
B07-L04-A;1511
B07-L04-B;1512
B07-L04-C;1513
B07-L04-D;1514
B07-L05-A;1515
B07-L05-B;1516
B08-A01-A;1750
B08-A01-B;1751
B08-A01-C;1752
B08-A02-A;1753
B08-A02-B;1754
B08-A02-C;1755
B08-A02-D;1756
B08-A03-A;1757
B08-A03-B;1758
B08-A03-C;1759
B08-A04-A;1760
B08-A04-B;1761
B08-A04-C;1762
B08-A05-A;1763
B08-A05-B;1764
B08-A05-C;1765
B08-B01-A;1766
B08-B01-B;1767
B08-B02-A;1768
B08-B02-B;1769
B08-B02-C;1770
B08-B02-D;1771
B08-B03-A;1772
B08-B03-B;1773
B08-B03-C;1774
B08-B03-D;1775
B08-B03-E;1776
B08-B04-A;1777
B08-B04-B;1778
B08-B04-C;1779
B08-B04-D;1780
B08-B05-A;1781
B08-B05-B;1782
B08-B05-C;1783
B08-C01-A;1784
B08-C01-B;1785
B08-C02-A;1786
B08-C02-B;1787
B08-C02-C;1788
B08-C02-D;1789
B08-C02-E;1790
B08-C03-A;1791
B08-C03-B;1792
B08-C03-C;1793
B08-C03-D;1794
B08-C03-E;1795
B08-C04-A;1796
B08-C04-B;1797
B08-C04-C;1798
B08-C04-D;1799
B08-C05-A;1800
B08-C05-B;1801
B08-C05-C;1802
B08-C05-D;1803
B08-D01-A;1804
B08-D01-B;1805
B08-D02-A;1806
B08-D02-B;1807
B08-D02-C;1808
B08-D02-D;1809
B08-D02-E;1810
B08-D02-F;1811
B08-D03-A;1812
B08-D03-B;1813
B08-D03-C;1814
B08-D03-D;1815
B08-D03-E;1816
B08-D04-A;1817
B08-D04-B;1818
B08-D04-C;1819
B08-D05-A;1820
B08-D05-B;1821
B08-D05-C;1822
B08-D05-D;1823
B08-E01-A;1824
B08-E01-B;1825
B08-E02-A;1826
B08-E02-B;1827
B08-E02-C;1828
B08-E02-D;1829
B08-E02-E;1830
B08-E03-A;1831
B08-E03-B;1832
B08-E03-C;1833
B08-E03-D;1834
B08-E03-E;1835
B08-E03-F;1836
B08-E04-A;1837
B08-E04-B;1838
B08-E04-C;1839
B08-E04-D;1840
B08-E04-E;1841
B08-E05-A;1842
B08-E05-B;1843
B08-E05-C;1844
B08-F01-A;1845
B08-F01-B;1846
B08-F02-A;1847
B08-F02-B;1848
B08-F02-C;1849
B08-F02-D;1850
B08-F02-E;1851
B08-F02-F;1852
B08-F03-A;1853
B08-F03-B;1854
B08-F03-C;1855
B08-F04-A;1856
B08-F04-B;1857
B08-F04-C;1858
B08-F05-A;1859
B08-F05-B;1860
B08-F05-C;1861
B08-G01-A;1862
B08-G01-B;1863
B08-G02-A;1864
B08-G02-B;1865
B08-G02-C;1866
B08-G02-D;1867
B08-G03-A;1868
B08-G03-B;1869
B08-G03-C;1870
B08-G03-D;1871
B08-G03-E;1872
B08-G03-F;1873
B08-G04-A;1874
B08-G04-B;1875
B08-G04-C;1876
B08-G04-D;1877
B08-G04-E;1878
B08-G04-F;1879
B08-G05-A;1880
B08-G05-B;1881
B08-G05-C;1882
B08-H01-A;1883
B08-H01-B;1884
B08-H02-A;1885
B08-H02-B;1886
B08-H02-C;1887
B08-H02-D;1888
B08-H02-E;1889
B08-H03-A;1890
B08-H03-B;1891
B08-H03-C;1892
B08-H03-D;1893
B08-H03-E;1894
B08-H04-A;1895
B08-H04-B;1896
B08-H04-C;1897
B08-H04-D;1898
B08-H05-A;1899
B08-H05-B;1900
B08-H05-C;1901
B08-H05-D;1902
B08-J01-A;1903
B08-J01-B;1904
B08-J02-A;1905
B08-J02-B;1906
B08-J02-C;1907
B08-J02-D;1908
B08-J02-E;1909
B08-J03-A;1910
B08-J03-B;1911
B08-J03-C;1912
B08-J03-D;1913
B08-J04-A;1914
B08-J04-B;1915
B08-J04-C;1916
B08-J04-D;1917
B08-J05-A;1918
B08-J05-B;1919
B08-J05-C;1920
B08-J05-D;1921
B08-K01-A;1922
B08-K01-B;1923
B08-K02-A;1924
B08-K02-B;1925
B08-K02-C;1926
B08-K02-D;1927
B08-K02-E;1928
B08-K03-A;1929
B08-K03-B;1930
B08-K03-C;1931
B08-K03-D;1932
B08-K03-E;1933
B08-K04-A;1934
B08-K04-B;1935
B08-K04-C;1936
B08-K05-A;1937
B08-K05-B;1938
B08-K05-C;1939
B08-K05-D;1940
B08-L01-A;1941
B08-L01-B;1942
B08-L02-A;1943
B08-L02-B;1944
B08-L02-C;1945
B08-L03-A;1946
B08-L03-B;1947
B08-L03-C;1948
B08-L03-D;1949
B08-L03-E;1950
B08-L03-F;1951
B08-L04-A;1952
B08-L04-B;1953
B08-L04-C;1954
B08-L05-A;1955
B08-L05-B;1956
B08-L05-C;1957
B09-A01-A;2088
B09-A01-B;2089
B09-A02-A;2090
B09-A02-B;2091
B09-A02-C;2092
B09-A02-D;2093
B09-A02-E;2094
B09-A02-F;2095
B09-A03-A;2096
B09-A03-B;2097
B09-A03-C;2098
B09-A03-D;2099
B09-A03-E;2100
B09-A04-A;2101
B09-A04-B;2102
B09-A04-C;2103
B09-A04-D;2104
B09-A04-E;2105
B09-A05-A;2106
B09-A05-B;2107
B09-A05-C;2108
B09-B01-A;2068
B09-B01-B;2069
B09-B02-A;2070
B09-B02-B;2071
B09-B02-C;2072
B09-B02-D;2073
B09-B02-E;2074
B09-B03-A;2075
B09-B03-B;2076
B09-B03-C;2077
B09-B03-D;2078
B09-B03-E;2079
B09-B04-A;2080
B09-B04-B;2081
B09-B04-C;2082
B09-B04-D;2083
B09-B04-E;2084
B09-B05-A;2085
B09-B05-B;2086
B09-B05-C;2087
B09-B05-D;2088
B09-C01-A;2048
B09-C01-B;2049
B09-C02-A;2050
B09-C02-B;2051
B09-C02-C;2052
B09-C02-D;2053
B09-C03-A;2054
B09-C03-B;2055
B09-C03-C;2056
B09-C03-D;2057
B09-C03-E;2058
B09-C03-F;2059
B09-C04-A;2060
B09-C04-B;2061
B09-C04-C;2062
B09-C04-D;2063
B09-C05-A;2064
B09-C05-B;2065
B09-C05-C;2066
B09-C05-D;2067
B09-D01-A;2026
B09-D01-B;2027
B09-D02-A;2028
B09-D02-B;2029
B09-D02-C;2030
B09-D02-D;2031
B09-D02-E;2032
B09-D03-A;2033
B09-D03-B;2034
B09-D03-C;2035
B09-D03-D;2036
B09-D03-E;2037
B09-D04-A;2038
B09-D04-B;2039
B09-D04-C;2040
B09-D04-D;2041
B09-D04-E;2042
B09-D04-F;2043
B09-D05-A;2044
B09-D05-B;2045
B09-D05-C;2046
B09-D05-D;2047
B09-E01-A;2035
B09-E01-B;2036
B09-E02-A;2037
B09-E02-B;2038
B09-E02-C;2039
B09-E02-D;2040
B09-E02-E;2041
B09-E03-A;2042
B09-E03-B;2043
B09-E03-C;2044
B09-E03-D;2045
B09-E03-E;2046
B09-E04-A;2047
B09-E04-B;2048
B09-E04-C;2049
B09-E04-D;2050
B09-E04-E;2051
B09-E05-A;2052
B09-E05-B;2023
B09-E05-C;2024
B09-E05-D;2025
B09-F01-A;2018
B09-F01-B;2019
B09-F02-A;2020
B09-F02-B;2021
B09-F02-C;2022
B09-F03-A;2023
B09-F03-B;2024
B09-F03-C;2025
B09-F03-D;2026
B09-F04-A;2027
B09-F04-B;2028
B09-F04-C;2029
B09-F04-D;2030
B09-F04-E;2031
B09-F05-A;2032
B09-F05-B;2033
B09-F05-C;2034
B09-G01-A;1998
B09-G01-B;1999
B09-G02-A;2000
B09-G02-B;2001
B09-G02-C;2002
B09-G02-D;2003
B09-G02-E;2004
B09-G03-A;2005
B09-G03-B;2006
B09-G03-C;2007
B09-G03-D;2008
B09-G03-E;2009
B09-G04-A;2010
B09-G04-B;2011
B09-G04-C;2012
B09-G04-D;2013
B09-G04-E;2014
B09-G05-A;2015
B09-G05-B;2016
B09-G05-C;2017
B09-H01-A;1978
B09-H01-B;1979
B09-H02-A;1980
B09-H02-B;1981
B09-H02-C;1982
B09-H02-D;1983
B09-H02-E;1984
B09-H03-A;1985
B09-H03-B;1986
B09-H03-C;1987
B09-H03-D;1988
B09-H03-E;1989
B09-H04-A;1990
B09-H04-B;1991
B09-H04-C;1992
B09-H04-D;1993
B09-H04-E;1994
B09-H05-A;1995
B09-H05-B;1996
B09-H05-C;1997
B09-J01-A;1958
B09-J01-B;1959
B09-J02-A;1960
B09-J02-B;1961
B09-J02-C;1962
B09-J02-D;1963
B09-J02-E;1964
B09-J03-A;1965
B09-J03-B;1966
B09-J03-C;1967
B09-J03-D;1968
B09-J03-E;1969
B09-J04-A;1970
B09-J04-B;1971
B09-J04-C;1972
B09-J04-D;1973
B09-J04-E;1974
B09-J05-A;1975
B09-J05-B;1976
B09-J05-C;1977
B10-A01-A;2109
B10-A01-B;2110
B10-A01-C;2111
B10-A01-D;2112
B10-A01-E;2113
B10-A01-F;2114
B10-A01-G;2115
B10-A01-H;2116
B10-A02-A;2117
B10-A02-B;2118
B10-A02-C;2119
B10-A02-D;2120
B10-A02-E;2121
B10-A02-F;2122
B10-A03-A;2123
B10-A03-B;2124
B10-A03-C;2125
B10-A03-D;2126
B10-A03-E;2127
B10-A03-F;2128
B10-A03-G;2129
B10-A03-H;2130
B10-A04-A;2131
B10-A04-B;2132
B10-A04-C;2133
B10-A04-D;2134
B10-A04-E;2135
B10-A05-A;2136
B10-A05-B;2137
B10-A05-C;2138
B10-A05-D;2139
B10-A05-E;2140
B10-B01-A;2141
B10-B02-A;2142
B10-B02-B;2143
B10-B02-C;2144
B10-B02-D;2145
B10-B02-E;2146
B10-B02-F;2147
B10-B03-A;2148
B10-B03-B;2149
B10-B03-C;2150
B10-B03-D;2151
B10-B03-E;2152
B10-B03-F;2153
B10-B03-G;2154
B10-B03-H;2155
B10-B04-A;2156
B10-B04-B;2157
B10-B04-C;2158
B10-B04-D;2159
B10-B04-E;2160
B10-B04-F;2161
B10-B05-A;2162
B10-B05-B;2163
B10-C01-A;2164
B10-C01-B;2165
B10-C02-A;2166
B10-C02-B;2167
B10-C02-C;2168
B10-C02-D;2169
B10-C03-A;2170
B10-C03-B;2171
B10-C03-C;2172
B10-C03-D;2173
B10-C03-E;2174
B10-C03-F;2175
B10-C04-A;2176
B10-C04-B;2177
B10-C04-C;2178
B10-C04-D;2179
B10-C04-E;2180
B10-C05-A;2181
B10-C05-B;2182
B10-C05-C;2183
B10-C05-D;2184
B10-D01-A;2185
B10-D01-B;2186
B10-D02-A;2187
B10-D02-B;2188
B10-D02-C;2189
B10-D02-D;2190
B10-D02-E;2191
B10-D03-A;2192
B10-D03-B;2193
B10-D03-C;2194
B10-D03-D;2195
B10-D03-E;2196
B10-D03-F;2197
B10-D04-A;2198
B10-D04-B;2199
B10-D04-C;2200
B10-D04-D;2201
B10-D04-E;2202
B10-D05-A;2203
B10-D05-B;2204
B10-D05-C;2205
B10-D05-D;2206
B10-D05-E;2207
B10-E01-A;2208
B10-E01-B;2209
B10-E02-A;2210
B10-E02-B;2211
B10-E02-C;2212
B10-E02-D;2213
B10-E02-E;2214
B10-E03-A;2215
B10-E03-B;2216
B10-E03-C;2217
B10-E03-D;2218
B10-E04-A;2219
B10-E04-B;2220
B10-E04-C;2221
B10-E04-D;2222
B10-E04-E;2223
B10-E05-A;2224
B10-E05-B;2225
B10-E05-C;2226
B10-F01-A;2227
B10-F01-B;2228
B10-F02-A;2229
B10-F02-B;2230
B10-F02-C;2231
B10-F02-D;2232
B10-F02-E;2233
B10-F02-F;2234
B10-F02-G;2235
B10-F03-A;2236
B10-F03-B;2237
B10-F03-C;2238
B10-F03-D;2239
B10-F03-E;2240
B10-F03-F;2241
B10-F03-G;2242
B10-F04-A;2243
B10-F04-B;2244
B10-F04-C;2245
B10-F04-D;2246
B10-F04-E;2247
B10-F05-A;2248
B10-F05-B;2249
B10-F05-C;2250
B10-G01-A;2251
B10-G01-B;2252
B10-G02-A;2253
B10-G02-B;2254
B10-G02-C;2255
B10-G02-D;2256
B10-G02-E;2257
B10-G02-F;2258
B10-G03-A;2259
B10-G03-B;2260
B10-G03-C;2261
B10-G03-D;2262
B10-G03-E;2263
B10-G03-F;2264
B10-G04-A;2265
B10-G04-B;2266
B10-G04-C;2267
B10-G04-D;2268
B10-G05-A;2269
B10-G05-B;2270
B10-G05-C;2271
B10-H01-A;2272
B10-H01-B;2273
B10-H02-A;2274
B10-H02-B;2275
B10-H02-C;2276
B10-H02-D;2277
B10-H02-E;2278
B10-H03-A;2279
B10-H03-B;2280
B10-H03-C;2281
B10-H03-D;2282
B10-H03-E;2283
B10-H04-A;2284
B10-H04-B;2285
B10-H04-C;2286
B10-H04-D;2287
B10-H04-E;2288
B10-H05-A;2289
B10-H05-B;2290
B10-H05-C;2291
B10-H05-D;2292
B10-H05-E;2293
B10-J01-A;2294
B10-J01-B;2295
B10-J01-C;2296
B10-J02-A;2297
B10-J02-B;2298
B10-J02-C;2299
B10-J02-D;2300
B10-J02-E;2301
B10-J02-F;2302
B10-J03-A;2303
B10-J03-B;2304
B10-J03-C;2305
B10-J03-D;2306
B10-J03-E;2307
B10-J03-F;2308
B10-J03-G;2309
B10-J04-A;2310
B10-J04-B;2311
B10-J04-C;2312
B10-J05-A;2313
B10-J05-B;2314
B10-J05-C;2315
B11-A01-A;2526
B11-A01-B;2527
B11-A01-C;2528
B11-A01-D;2529
B11-A02-A;2530
B11-A02-B;2531
B11-A02-C;2532
B11-A02-D;2533
B11-A02-E;2534
B11-A02-F;2535
B11-A02-G;2536
B11-A02-H;2537
B11-A02-I;2538
B11-A03-A;2539
B11-A03-B;2540
B11-A03-C;2541
B11-A03-D;2542
B11-A03-E;2543
B11-A03-F;2544
B11-A03-G;2545
B11-A03-H;2546
B11-A04-A;2547
B11-A04-B;2548
B11-A04-C;2549
B11-A05-A;2550
B11-A05-B;2551
B11-A05-C;2552
B11-B01-A;2506
B11-B01-B;2507
B11-B02-A;2508
B11-B02-B;2509
B11-B02-C;2510
B11-B02-D;2511
B11-B02-E;2512
B11-B02-F;2513
B11-B02-G;2514
B11-B02-H;2515
B11-B02-I;2516
B11-B03-A;2517
B11-B03-B;2518
B11-B03-C;2519
B11-B04-A;2520
B11-B04-B;2521
B11-B04-C;2522
B11-B05-A;2523
B11-B05-B;2524
B11-B05-C;2525
B11-C01-A;2485
B11-C01-B;2486
B11-C01-E;2487
B11-C02-A;2488
B11-C02-B;2489
B11-C02-C;2490
B11-C02-D;2491
B11-C02-E;2492
B11-C02-F;2493
B11-C02-G;2494
B11-C02-H;2495
B11-C02-I;2496
B11-C03-A;2497
B11-C03-B;2498
B11-C03-C;2499
B11-C04-A;2500
B11-C04-B;2501
B11-C04-C;2502
B11-C05-A;2503
B11-C05-B;2504
B11-C05-C;2505
B11-D01-A;2468
B11-D01-B;2469
B11-D01-C;2470
B11-D02-A;2471
B11-D02-B;2472
B11-D02-C;2473
B11-D02-D;2474
B11-D02-E;2475
B11-D03-A;2476
B11-D03-B;2477
B11-D03-C;2478
B11-D03-D;2479
B11-D04-A;2480
B11-D04-B;2481
B11-D04-C;2482
B11-D05-A;2483
B11-D05-B;2484
B11-E01-A;2445
B11-E01-B;2446
B11-E01-C;2447
B11-E01-D;2448
B11-E01-E;2449
B11-E01-F;2450
B11-E01-G;2451
B11-E01-H;2452
B11-E02-A;2453
B11-E02-B;2454
B11-E02-C;2455
B11-E02-D;2456
B11-E02-E;2457
B11-E03-A;2458
B11-E03-B;2459
B11-E03-C;2460
B11-E03-D;2461
B11-E04-A;2462
B11-E04-B;2463
B11-E04-C;2464
B11-E05-A;2465
B11-E05-B;2466
B11-E05-C;2467
B11-F01-A;2423
B11-F01-B;2424
B11-F01-C;2425
B11-F01-D;2426
B11-F02-A;2427
B11-F02-B;2428
B11-F02-C;2429
B11-F02-D;2430
B11-F02-E;2431
B11-F03-A;2432
B11-F03-B;2433
B11-F03-C;2434
B11-F03-D;2435
B11-F04-A;2436
B11-F04-B;2437
B11-F04-C;2438
B11-F04-D;2439
B11-F05-A;2440
B11-F05-B;2441
B11-F05-C;2442
B11-F05-D;2443
B11-F05-E;2444
B11-G01-A;2403
B11-G01-B;2404
B11-G01-C;2405
B11-G01-D;2406
B11-G01-E;2407
B11-G01-F;2408
B11-G01-G;2409
B11-G02-A;2410
B11-G02-B;2411
B11-G02-C;2412
B11-G02-D;2413
B11-G03-A;2414
B11-G03-B;2415
B11-G03-C;2416
B11-G03-D;2417
B11-G04-A;2418
B11-G04-B;2419
B11-G04-C;2420
B11-G05-A;2421
B11-G05-B;2422
B11-H01-A;2381
B11-H01-B;2382
B11-H01-C;2383
B11-H01-D;2384
B11-H01-E;2385
B11-H01-F;2386
B11-H01-G;2387
B11-H02-A;2388
B11-H02-B;2389
B11-H02-C;2390
B11-H02-D;2391
B11-H03-A;2392
B11-H03-B;2393
B11-H03-C;2394
B11-H03-D;2395
B11-H04-A;2396
B11-H04-B;2397
B11-H04-C;2398
B11-H04-D;2399
B11-H05-A;2400
B11-H05-B;2401
B11-H05-C;2402
B11-J01-A;2358
B11-J01-B;2359
B11-J01-C;2360
B11-J01-D;2361
B11-J01-E;2362
B11-J01-F;2363
B11-J02-A;2364
B11-J02-B;2365
B11-J02-C;2366
B11-J02-D;2367
B11-J02-E;2368
B11-J03-A;2369
B11-J03-B;2370
B11-J03-C;2371
B11-J03-D;2372
B11-J04-A;2373
B11-J04-B;2374
B11-J04-C;2375
B11-J04-D;2376
B11-J04-E;2377
B11-J05-A;2378
B11-J05-B;2379
B11-J05-C;2380
B11-K01-A;2344
B11-K01-B;2345
B11-K02-A;2346
B11-K02-B;2347
B11-K02-C;2348
B11-K02-D;2349
B11-K03-A;2350
B11-K03-B;2351
B11-K03-C;2352
B11-K04-A;2353
B11-K04-B;2354
B11-K04-C;2355
B11-K05-A;2356
B11-K05-B;2357
B11-L01-A;2330
B11-L01-B;2331
B11-L02-A;2332
B11-L02-B;2333
B11-L02-C;2334
B11-L02-D;2335
B11-L03-A;2336
B11-L03-B;2337
B11-L03-C;2338
B11-L04-A;2339
B11-L04-B;2340
B11-L04-C;2341
B11-L05-A;2342
B11-L05-B;2343
B11-M01-A;2316
B11-M01-B;2317
B11-M02-A;2318
B11-M02-B;2319
B11-M02-C;2320
B11-M02-D;2321
B11-M03-A;2322
B11-M03-B;2323
B11-M03-C;2324
B11-M04-A;2325
B11-M04-B;2326
B11-M04-C;2327
B11-M05-A;2328
B11-M05-B;2329
B12-A01-A;2560
B12-A01-B;2561
B12-A01-C;2562
B12-A01-D;2563
B12-A01-E;2564
B12-A01-F;2565
B12-A01-G;2566
B12-A02-A;2567
B12-A02-B;2568
B12-A02-C;2569
B12-A02-D;2570
B12-A02-E;2571
B12-A02-F;2572
B12-A02-G;2573
B12-A02-H;2574
B12-A03-A;2575
B12-A03-B;2576
B12-A03-C;2577
B12-A03-D;2578
B12-A03-E;2579
B12-A04-A;2580
B12-A04-B;2581
B12-A04-C;2582
B12-A04-D;2583
B12-A05-A;2584
B12-A05-B;2585
B12-A05-C;2586
B12-A05-D;2587
B12-B01-A;2588
B12-B01-B;2589
B12-B01-C;2590
B12-B01-D;2591
B12-B01-E;2592
B12-B01-F;2593
B12-B01-G;2594
B12-B01-H;2595
B12-B02-A;2596
B12-B02-B;2597
B12-B02-C;2598
B12-B02-D;2599
B12-B03-A;2600
B12-B03-B;2601
B12-B03-C;2602
B12-B03-D;2603
B12-B03-E;2604
B12-B04-A;2605
B12-B04-B;2606
B12-B04-C;2607
B12-B05-A;2608
B12-B05-B;2609
B12-B05-C;2610
B12-B05-D;2611
B12-C01-A;2612
B12-C01-B;2613
B12-C02-A;2614
B12-C02-B;2615
B12-C02-C;2616
B12-C03-A;2617
B12-C03-B;2618
B12-C03-C;2619
B12-C04-A;2620
B12-C04-B;2621
B12-C04-C;2622
B12-C04-D;2623
B12-C05-A;2624
B12-C05-B;2625
B12-C05-C;2626
B12-C05-D;2627
B12-C05-E;2628
B12-D01-A;2629
B12-D01-B;2630
B12-D01-C;2631
B12-D01-D;2632
B12-D01-E;2633
B12-D01-F;2634
B12-D01-G;2635
B12-D02-A;2636
B12-D02-B;2637
B12-D02-C;2638
B12-D03-A;2639
B12-D03-B;2640
B12-D03-C;2641
B12-D03-D;2642
B12-D04-A;2643
B12-D04-B;2644
B12-D04-C;2645
B12-D04-D;2646
B12-D05-A;2647
B12-D05-B;2648
B12-E01-A;2649
B12-E01-B;2650
B12-E01-C;2651
B12-E01-D;2652
B12-E01-E;2653
B12-E01-F;2654
B12-E02-A;2655
B12-E02-B;2656
B12-E02-C;2657
B12-E03-A;2658
B12-E03-B;2659
B12-E03-C;2660
B12-E04-A;2661
B12-E04-B;2662
B12-E04-C;2663
B12-E04-D;2664
B12-E05-A;2665
B12-E05-B;2666
B12-E05-C;2667
B12-E05-D;2668
BG01-D01-A;
C01-A01-A;2680
C01-A01-B;2681
C01-A01-C;2682
C01-A01-D;2683
C01-A01-E;2684
C01-A02-A;2685
C01-A02-B;2686
C01-A02-C;2687
C01-A02-D;2688
C01-A02-E;2689
C01-A03-A;2690
C01-A03-B;2691
C01-A03-C;2692
C01-A03-D;2693
C01-A03-E;2694
C01-A04-A;2695
C01-A04-B;2696
C01-A04-C;2697
C01-A04-D;2698
C01-A04-E;2699
C01-A05-A;2700
C01-A05-B;2701
C01-A05-C;2702
C01-A05-D;2703
C01-A06-A;2704
C01-A06-B;2705
C01-A06-C;2705
C01-A06-D;2706
C01-A06-E;2707
C01-A06-F;2708
C01-A07-A;2709
C01-A07-B;2710
C01-A07-C;2711
C01-A07-D;2712
C01-A08-A;2713
C01-A08-B;2714
C01-A08-C;2715
C01-A08-D;2716
C01-B01-A;2717
C01-B01-B;2718
C01-B01-C;2719
C01-B01-D;2720
C01-B01-E;2721
C01-B01-F;2722
C01-B02-A;2723
C01-B02-B;2724
C01-B02-C;2725
C01-B02-D;2726
C01-B02-E;2727
C01-B02-F1;2728
C01-B02-F2;2729
C01-B03-A;2730
C01-B03-B;2731
C01-B03-C;2732
C01-B04-A;2733
C01-B04-B;2734
C01-B04-C;2735
C01-B04-D;2736
C01-B05-A;2737
C01-B05-B;2738
C01-B05-C;2739
C01-B05-D;2740
C01-B05-E;2741
C01-B05-F;2742
C01-B06-A;2743
C01-B06-B;2744
C01-B06-C;2745
C01-B06-D;2746
C01-B06-E;2747
C01-B07-A;2748
C01-B07-B;2749
C01-B07-C;2750
C01-B07-D;2751
C01-B07-E;2752
C01-B08-A;2753
C01-B08-B;2758
C01-C01-A;2759
C01-C01-B;2760
C01-C02-A;2761
C01-C02-B;2762
C01-C02-C;2763
C01-C02-D;2764
C01-C02-E;2765
C01-C03-A;2766
C01-C03-B;2767
C01-C03-C;2768
C01-C04-A;2769
C01-C04-B;2770
C01-C04-C;2771
C01-C04-D;2772
C01-C05-A;2773
C01-C05-B;2774
C01-C05-C;2775
C01-C05-D;2776
C01-C05-E;2777
C01-C06-A;2778
C01-C06-B;2779
C01-C06-C;2780
C01-C06-D;2781
C01-C07-A;2782
C01-C07-B;2783
C01-C07-C;2784
C01-C08-A;2785
C01-C08-B;2786
C01-C08-C;2787
C01-D01-A;2788
C01-D01-B;2789
C01-D01-C;2790
C01-D01-D;2791
C01-D01-E;2792
C01-D02-A;2793
C01-D02-B1;2794
C01-D02-B2;2795
C01-D02-C1;2796
C01-D02-C2;2797
C01-D02-C3;2798
C01-D02-D;2799
C01-D03-A;2800
C01-D03-B;2801
C01-D03-C;2802
C01-D03-D;2803
C01-D03-E;2804
C01-D03-F;2805
C01-D04-A;2806
C01-D04-B;2807
C01-D04-C;2808
C01-D04-D;2809
C01-D05-A;2810
C01-D05-B;2811
C01-D05-C;2812
C01-D06-A;2813
C01-D06-B;2814
C01-D07-A;2815
C01-D07-B;2816
C01-D07-C;2817
C01-D07-D;2818
C01-D07-E;2819
C01-D08-A;2820
C01-D08-B;2821
C02-A01-A;2822
C02-A01-B;2823
C02-A01-C;2824
C02-A01-D;2825
C02-A01-E;2826
C02-A01-F;2827
C02-A02-A;2828
C02-A02-B;2829
C02-A02-C;2830
C02-A02-D;2831
C02-A02-E;2832
C02-A02-F;2833
C02-A03-A;2834
C02-A03-B;2835
C02-A03-C;2836
C02-A03-D;2837
C02-A03-E;2838
C02-A03-F;2839
C02-A04-A;2840
C02-A04-B;2841
C02-A04-C;2842
C02-A04-D;2843
C02-A05-A;2844
C02-A05-B;2845
C02-A05-C;2846
C02-A05-D;2847
C02-A06-A;2848
C02-A06-B;2849
C02-A06-C;2850
C02-A06-D;2851
C02-A06-E;2852
C02-A06-F;2853
C02-A07-A;2854
C02-A07-B;2855
C02-A07-C;2856
C02-A07-D;2857
C02-A07-E;2858
C02-A08-A;2859
C02-A08-B;2860
C02-A08-C;2861
C02-B01-A;2862
C02-B01-B;2863
C02-B01-C;2864
C02-B01-D;2865
C02-B02-A;2866
C02-B02-B;2867
C02-B02-C;2868
C02-B02-D;2869
C02-B03-A;2870
C02-B03-B;2871
C02-B03-C;2872
C02-B03-D;2873
C02-B03-E;2874
C02-B04-A;2875
C02-B04-B;2876
C02-B04-C;2877
C02-B04-D;2878
C02-B04-E;2879
C02-B04-F;2880
C02-B05-A;2881
C02-B05-B;2882
C02-B05-C;2883
C02-B05-D;2884
C02-B05-E;2885
C02-B06-A;2886
C02-B06-B;2887
C02-B06-C;2888
C02-B07-A;2889
C02-B07-B;2890
C02-B07-C;2891
C02-B07-D;2892
C02-B07-E;2893
C02-B08-A;2894
C02-B08-B;2895
C02-B08-C;2896
C02-C01-A;2897
C02-C01-B;2898
C02-C01-C;2899
C02-C01-D;2900
C02-C01-E;2901
C02-C02-A;2902
C02-C02-B;2903
C02-C02-C;2904
C02-C02-D;2905
C02-C03-A;2906
C02-C03-B;2907
C02-C03-C;2908
C02-C03-D;2909
C02-C03-E;2910
C02-C04-A;2911
C02-C04-B;2912
C02-C04-C;2913
C02-C04-D;2914
C02-C04-E;2915
C02-C05-A;2916
C02-C05-B;2917
C02-C05-C;2918
C02-C05-D;2919
C02-C05-E;2920
C02-C05-F;2921
C02-C06-A;2922
C02-C06-B;2923
C02-C07-A;2924
C02-C07-B;2925
C02-C08-A;2926
C02-C08-B;2927
C02-D01-A;2928
C02-D01-B;2929
C02-D02-A;2930
C02-D02-B;2931
C02-D03-A;2932
C02-D03-B;2933
C02-D04-A;2934
C02-D04-B;2935
C02-D05-A;2936
C02-D05-B;2937
C02-D06-A;2938
C02-D06-B;2939
C02-D07-A;2940
C02-D07-B;2941
C02-D08-A;2942
C02-D08-B;2943
C03-A01-A;2944
C03-A01-B;2945
C03-A02-A;2946
C03-A02-B;2947
C03-A02-C;2948
C03-A02-D;2949
C03-A02-E;2950
C03-A02-F;2951
C03-A03-A;2952
C03-A03-B;2953
C03-A03-C;2954
C03-A03-D;2955
C03-A03-E;2956
C03-A04-A;2957
C03-A04-B;2958
C03-A04-C;2959
C03-A04-D;2960
C03-A05-A;2961
C03-A05-B;2962
C03-A05-C;2963
C03-A05-D;2964
C03-A05-E;2965
C03-A06-A;2966
C03-A06-B;2967
C03-A06-C;2968
C03-A06-D;2969
C03-A06-E;2970
C03-A06-F;2971
C03-A07-A;2972
C03-A07-B;2973
C03-A07-C;2974
C03-A07-D;2975
C03-A07-E;2976
C03-A07-F;2977
C03-A08-A;2978
C03-A08-B;2979
C03-B01-A;2980
C03-B01-B;2981
C03-B01-C;2982
C03-B01-D;2983
C03-B02-A;2984
C03-B02-B;2985
C03-B02-C;2986
C03-B02-D;2987
C03-B02-E;2988
C03-B02-F;2989
C03-B03-A;2990
C03-B03-B;2991
C03-B03-C;2992
C03-B03-D;2993
C03-B03-E;2994
C03-B03-F;2995
C03-B04-A;2996
C03-B04-B;2997
C03-B04-C;2998
C03-B04-D;2999
C03-B05-A;3000
C03-B05-B;3001
C03-B05-C;3002
C03-B05-D;3003
C03-B05-E;3004
C03-B05-F;3005
C03-B06-A;3006
C03-B06-B;3007
C03-B06-C;3008
C03-B06-D;3009
C03-B07-A;3010
C03-B07-B;3011
C03-B07-C;3012
C03-B07-D;3013
C03-B07-E;3014
C03-B08-A;3015
C03-B08-B;3016
C03-B08-C;3017
C03-B08-D;3018
C03-C01-A;3019
C03-C01-B;3020
C03-C02-A;3021
C03-C02-B;3022
C03-C03-A;3023
C03-C03-B;3024
C03-C04-A;3025
C03-C04-B;3026
C03-C05-A;3027
C03-C05-B;3028
C03-C06-A;3029
C03-C06-B;3030
C03-C07-A;3031
C03-C07-B;3032
C03-C08-A;3033
C03-C08-B;3034
C03-D01-A;3035
C03-D01-B;3036
C03-D01-C;3037
C03-D01-D;3038
C03-D01-E;3039
C03-D02-A;3040
C03-D02-B;3041
C03-D02-C;3042
C03-D02-D;3043
C03-D02-E;3044
C03-D03-A;3045
C03-D03-B;3046
C03-D03-C;3047
C03-D03-D;3048
C03-D03-E;3049
C03-D04-A;3050
C03-D04-B;3051
C03-D04-C;3052
C03-D04-D;3053
C03-D04-E;3054
C03-D05-A;3055
C03-D05-B;3056
C03-D05-C;3057
C03-D05-D;3058
C03-D05-E;3059
C03-D06-A;3060
C03-D06-B;3061
C03-D06-C;3062
C03-D06-D;3063
C03-D06-E;3064
C03-D07-A;3065
C03-D07-B;3066
C03-D07-C;3067
C03-D07-D;3068
C03-D07-E;3069
C03-D08-A;3070
C03-D08-B;3071
C03-D08-C;3072
C03-D08-D;3073
C03-D08-E;3074
C04-A01-A1;3075
C04-A01-A2;3076
C04-A01-A3;3077
C04-A01-B1;3078
C04-A01-B2;3079
C04-A01-B3;3080
C04-A01-C1;3081
C04-A01-C2;3082
C04-A01-D;3083
C04-A01-E;3084
C04-A01-F;3085
C04-A02-A;3086
C04-A02-B;3087
C04-A02-C;3088
C04-A02-D;3089
C04-A02-E;3090
C04-A02-F;3091
C04-A03-A;3092
C04-A03-B;3093
C04-A03-C;3094
C04-A03-D;3095
C04-A03-E;3096
C04-A03-F;3097
C04-A04-A;3098
C04-A04-B;3099
C04-A04-C;3100
C04-A04-D;3101
C04-A04-E;3102
C04-A05-A;3103
C04-A05-B;3104
C04-A05-C;3105
C04-A05-D;3106
C04-A05-E;3107
C04-A06-A;3108
C04-A06-B;3109
C04-A06-C;3110
C04-A06-D;3111
C04-A07-A;3112
C04-A07-B1;3113
C04-A07-B2;3114
C04-A07-B3;3115
C04-A07-C1;3116
C04-A07-C2;3117
C04-A07-C3;3118
C04-A07-D1;3119
C04-A07-D2;3120
C04-A07-D3;3121
C04-A07-E;3122
C04-A07-F;3123
C04-A08-A;3124
C04-A08-B;3125
C04-A08-C;3126
C04-A08-D;3127
C04-A08-E;3128
C04-B01-A1;3129
C04-B01-A2;3130
C04-B01-A3;3131
C04-B01-B1;3132
C04-B01-B2;3133
C04-B01-B3;3134
C04-B01-C1;3135
C04-B01-C2;3136
C04-B01-D;3137
C04-B01-E;3138
C04-B02-A1;3139
C04-B02-A2;3140
C04-B02-A3;3141
C04-B02-B1;3142
C04-B02-B2;3143
C04-B02-B3;3144
C04-B02-C1;3145
C04-B02-C2;3146
C04-B02-C3;3147
C04-B02-D;3148
C04-B02-E;3149
C04-B03-A1;3150
C04-B03-A2;3151
C04-B03-B1;3152
C04-B03-B2;3153
C04-B03-C;3154
C04-B03-D;3155
C04-B03-E;3156
C04-B04-A;3157
C04-B04-B;3158
C04-B04-C1;3159
C04-B04-C2;3160
C04-B04-C3;3161
C04-B04-D1;3162
C04-B04-D2;3163
C04-B04-D3;3164
C04-B04-E;3165
C04-B05-A;3166
C04-B05-B;3167
C04-B05-C;3168
C04-B05-D;3169
C04-B05-E;3170
C04-B06-A;3171
C04-B06-B;3172
C04-B06-C;3173
C04-B06-D1;3174
C04-B06-D2;3175
C04-B06-E;3176
C04-B07-A1;3177
C04-B07-A2;3178
C04-B07-A3;3179
C04-B07-B;3180
C04-B07-C;3181
C04-B07-D;3182
C04-B07-E;3183
C04-B08-A;3184
C04-B08-B;3185
C04-B08-C;3186
C04-B08-D;3187
C04-B08-E;3188
C04-C01-A;3189
C04-C01-B;3190
C04-C01-C;3191
C04-C01-D;3192
C04-C01-E;3193
C04-C02-A;3194
C04-C02-B;3195
C04-C02-C;3196
C04-C02-D;3197
C04-C02-E;3198
C04-C03-A;3199
C04-C03-B;3200
C04-C03-C;3201
C04-C03-D;3202
C04-C03-E;3203
C04-C04-A;3204
C04-C04-B;3205
C04-C04-C;3206
C04-C04-D;3207
C04-C04-E;3208
C04-C05-A;3209
C04-C05-B;3210
C04-C05-C;3211
C04-C05-D;3212
C04-C05-E;3213
C04-C06-A;3214
C04-C06-B;3215
C04-C06-C;3216
C04-C06-D;3217
C04-C06-E;3218
C04-C07-A;3219
C04-C07-B;3220
C04-C07-C;3221
C04-C07-D;3222
C04-C07-E;3223
C04-C08-A;3224
C04-C08-B;3225
C04-C08-C;3226
C04-C08-D;3227
C04-C08-E;3228
C04-D01-A;3229
C04-D01-B;3230
C04-D01-C;3231
C04-D01-D;3232
C04-D01-E;3233
C04-D01-F;3234
C04-D02-A;3235
C04-D02-B;3236
C04-D02-C;3237
C04-D02-D;3238
C04-D02-E;3239
C04-D03-A;3240
C04-D03-B;3241
C04-D03-C;3242
C04-D03-D;3243
C04-D03-E;3244
C04-D04-A;3245
C04-D04-B;3246
C04-D04-C;3247
C04-D04-D;3248
C04-D04-E;3249
C04-D05-A;3250
C04-D05-B;3251
C04-D05-C;3252
C04-D05-D;3253
C04-D05-E;3254
C04-D06-A;3255
C04-D06-B;3256
C04-D06-C;3257
C04-D06-D;3258
C04-D06-E;3259
C04-D07-A;3260
C04-D07-B;3261
C04-D07-C;3262
C04-D08-A;3263
C04-D08-B;3264
C04-D08-C;3265
C04-D08-D;3266
C04-D08-E;3267
C05-A01-A;3268
C05-A01-B;3269
C05-A01-C;3270
C05-A01-D;3271
C05-A01-E;3272
C05-A02-A;3273
C05-A02-B;3274
C05-A03-A;3275
C05-A03-B;3276
C05-A03-C;3277
C05-A03-D;3278
C05-A03-E;3279
C05-A03-F;3280
C05-A04-A;3281
C05-A04-B;3282
C05-A04-C;3283
C05-A04-D;3284
C05-A04-E;3285
C05-A04-F;3286
C05-A05-A;3287
C05-A05-B;3288
C05-A05-C;3289
C05-A05-D;3290
C05-A05-E;3291
C05-A06-A;3292
C05-A06-B;3293
C05-A07-A;3294
C05-A07-B;3295
C05-A08-A;3296
C05-A08-B;3297
C05-B01-A;3298
C05-B01-B;3299
C05-B02-A;3300
C05-B02-B;3301
C05-B03-A;3302
C05-B03-B;3303
C05-B04-A;3304
C05-B04-B;3305
C05-B05-A;3306
C05-B05-B;3307
C05-B06-A;3308
C05-B06-B;3309
C05-B07-A;3310
C05-B07-B;3311
C05-B08-A;3312
C05-B08-B;3313
C05-C01-A;3314
C05-C01-B;3315
C05-C02-A;3316
C05-C02-B;3317
C05-C03-A;3318
C05-C03-B;3319
C05-C04-A;3320
C05-C04-B;3321
C05-C05-A;3322
C05-C05-B;3323
C05-C06-A;3324
C05-C06-B;3325
C05-C07-A;3326
C05-C07-B;3327
C05-C08-A;3328
C05-C08-B;3329
C05-D01-A;3330
C05-D01-B;3331
C05-D02-A;3332
C05-D02-B;3333
C05-D03-A;3334
C05-D03-B;3335
C05-D04-A;3336
C05-D04-B;3337
C05-D05-A;3338
C05-D05-B;3339
C05-D06-A;3340
C05-D06-B;3341
C05-D07-A;3342
C05-D07-B;3343
C05-D08-A;3344
C05-D08-B;3345
C06-A01-A;3346
C06-A01-B;3347
C06-A01-C;3348
C06-A01-D;3349
C06-A01-E;3350
C06-A02-A;3351
C06-A02-B;3352
C06-A02-C;3353
C06-A02-D;3354
C06-A02-E;3355
C06-A03-A;3356
C06-A03-B;3357
C06-A03-C;3358
C06-A03-D;3359
C06-A03-E;3360
C06-A03-F;3361
C06-A04-A;3362
C06-A05-A;3363
C06-A05-B;3364
C06-A05-C;3365
C06-A06-A;3366
C06-A06-B;3367
C06-A07-A;3368
C06-A07-B;3369
C06-A07-C;3370
C06-A07-D;3371
C06-A07-E;3372
C06-A08-A;3373
C06-A08-B;3374
C06-A08-C;3375
C06-A08-D;3376
C06-B01-A;3377
C06-B01-B;3378
C06-B02-A;3379
C06-B02-B;3380
C06-B02-C;3381
C06-B02-D;3382
C06-B02-E;3383
C06-B02-F;3384
C06-B03-A;3385
C06-B03-B;3386
C06-B03-C;3387
C06-B03-D;3388
C06-B03-E;3389
C06-B03-F;3390
C06-B04-A;3391
C06-B04-B;3392
C06-B04-C;3393
C06-B04-D;3394
C06-B04-E;3395
C06-B04-F;3396
C06-B05-A;3397
C06-B05-B;3398
C06-B05-C1;3399
C06-B05-C2;3400
C06-B05-C3;3401
C06-B05-D;3402
C06-B05-E;3403
C06-B06-A;3404
C06-B06-B;3405
C06-B06-C;3406
C06-B06-D;3407
C06-B06-E;3408
C06-B07-A;3409
C06-B07-B;3410
C06-B08-A;3411
C06-B08-B;3412
C06-B08-C;3413
C06-B08-D;3414
C06-B08-E;3415
C07-A01-A;3416
C07-A01-B;3417
C07-A01-C;3418
C07-A01-D;3419
C07-A02-A;3420
C07-A02-B;3421
C07-A02-C;3422
C07-A02-D;3423
C07-A02-E;3424
C07-A03-A;3425
C07-A03-B;3426
C07-A03-C;3427
C07-A03-D;3428
C07-A03-E;3429
C07-A03-F;3430
C07-A04-A;3431
C07-A04-B;3432
C07-A04-C;3433
C07-A04-D;3434
C07-A04-E;3435
C07-A04-F;3436
C07-A05-A;3437
C07-A05-B;3438
C07-A05-C;3439
C07-A05-D;3440
C07-A05-E;3441
C07-A06-A;3442
C07-A06-B;3443
C07-A06-C;3444
C07-A06-D;3445
C07-A06-E;3446
C07-A07-A;3447
C07-A07-B;3448
C07-A08-A;3449
C07-A08-B;3450
C07-A08-C;3451
C07-A08-D;3452
C07-A08-E;3453
C07-B01-A;3454
C07-B01-B;3455
C07-B02-A;3456
C07-B02-B;3457
C07-B02-C;3458
C07-B02-D;3459
C07-B03-A;3460
C07-B03-B;3461
C07-B03-C;3462
C07-B03-D;3463
C07-B03-E1;3464
C07-B03-F1;3465
C07-B03-F2;3466
C07-B03-F3;3467
C07-B04-A1;3468
C07-B04-A2;3469
C07-B04-B;3470
C07-B05-A;3471
C07-B05-B;3472
C07-B06-A;3473
C07-B06-B;3474
C07-B06-C;3475
C07-B06-D;3476
C07-B07-A;3477
C07-B07-B;3478
C07-B07-C;3479
C07-B07-D;3480
C07-B08-A;3481
C07-B08-B;3482
C08-A01-A;3483
C08-A01-B;3484
C08-A02-A;3485
C08-A02-B;3486
C08-A03-A;3487
C08-A03-B;3488
C08-A04-A;3489
C08-A04-B;3490
C08-A05-A;3491
C08-A05-B;3492
C08-A06-A;3493
C08-A06-B;3494
C08-A07-A;3495
C08-A07-B;3496
C08-A08-A;3497
C08-A08-B;3498
C09-A01-A;3499
C09-A01-B;3500
C09-A01-C;3501
C09-A02-A;3502
C09-A02-B;3503
C09-A02-C;3504
C09-A03-A;3505
C09-A04-A;3506
C09-A04-B;3507
C09-A05-A;3508
C09-A05-B;3509
C09-A05-C;3510
C09-A05-D;3511
C09-A05-E;3512
C09-A06-A;3513
C09-A06-B;3514
C09-A06-C;3515
C09-A06-D;3516
C09-A06-E;3517
C09-A07-A;3518
C09-A07-B;3519
C09-A08-A;3520
C09-A08-B;3521
C09-A08-C;3522
C09-A08-D;3523
C09-A08-E;3524
C09-B01-A;3525
C09-B01-B;3526
C09-B01-C;3527
C09-B02-A;3528
C09-B02-B;3529
C09-B02-C;3530
C09-B03-A;3531
C09-B03-B;3532
C09-B03-C;3533
C09-B04-A;3534
C09-B04-B;3535
C09-B04-C;3536
C09-B05-A;3537
C09-B05-B;3538
C09-B06-A;3539
C09-B06-B;3540
C09-B07-A;3541
C09-B07-B;3542
C09-B08-A;3543
C09-B08-B;3544
C09-C01-A;3545
C09-C01-B;3546
C09-C01-C;3547
C09-C01-D;3548
C09-C02-A;3549
C09-C02-B;3550
C09-C02-C;3551
C09-C02-D;3552
C09-C03-A;3553
C09-C03-B;3554
C09-C03-C;3555
C09-C04-A;3556
C09-C04-B;3557
C09-C04-C;3558
C09-C05-A;3559
C09-C05-B;3560
C09-C05-C;3561
C09-C06-A;3562
C09-C06-B;3563
C09-C07-A;3564
C09-C07-B;3565
C09-C08-A;3566
C09-C08-B;3567
C09-D01-A;3568
C09-D01-B;3569
C09-D01-C;3570
C09-D01-D;3571
C09-D01-E;3572
C09-D02-A;3573
C09-D02-B;3574
C09-D02-C;3575
C09-D02-D;3576
C09-D03-A;3577
C09-D03-B;3578
C09-D03-C;3579
C09-D03-D;3580
C09-D03-E;3581
C09-D04-A;3582
C09-D04-B;3583
C09-D04-C;3584
C09-D05-A;3585
C09-D05-B;3586
C09-D05-C;3587
C09-D05-D;3588
C09-D06-A;3589
C09-D06-B;3590
C09-D06-C;3591
C09-D06-D;3592
C09-D07-A;3593
C09-D07-B;3594
C09-D07-C;3595
C09-D07-D;3596
C09-D07-E;3597
C09-D08-A;3598
C09-D08-B;3599
C09-D08-C;3600
C09-D08-D;3601
C09-E01-A;3602
C09-E01-B;3603
C09-E02-A;3604
C09-E02-B;3605
C09-E03-A;3606
C09-E03-B;3607
C09-E04-A;3608
C09-E05-A;3609
C09-E05-B;3610
C09-E06-A;3611
C09-E06-B;3612
C09-E07-A;3613
C09-E07-B;3614
C09-E08-A;3615
C09-F01-A;3617
C09-F02-A;3618
C09-F02-B;3619
C09-F02-C;3620
C09-F03-A;3621
C09-F03-B;3622
C09-F03-C;3623
C09-F03-D;3624
C09-F03-E;3625
C09-F04-A;3626
C09-F05-A;3627
C09-F05-B;3628
C09-F05-C;3629
C09-F05-D;3630
C09-F06-A;3631
C09-F06-B;3632
C09-F06-C;3633
C09-F06-D;3634
C09-F07-A;3635
C09-F08-A;3636
C09-F08-B;3637
C09-G01-A;3638
C09-G01-B;3639
C09-G01-C;3640
C09-G01-D;3641
C09-G02-A;3642
C09-G02-B;3643
C09-G02-C;3644
C09-G03-A;3645
C09-G03-B;3646
C09-G04-A;3647
C09-G05-A;3648
C09-G06-A;3649
C09-G06-B;3650
C09-G07-A;3651
C09-G08-A;3652
C09-G08-B;3653
C09-H01-A;3654
C09-H01-B;3655
C09-H01-C;3656
C09-H01-D;3657
C09-H01-E;3658
C09-H02-A;3659
C09-H02-B;3660
C09-H02-C;3661
C09-H02-D;3662
C09-H02-E;3663
C09-H03-A;3664
C09-H03-B;3665
C09-H03-C;3666
C09-H04-A;3667
C09-H05-A;3668
C09-H06-A;3669
C09-H07-A;3670
C09-H08-A;3671
C09-J01-A;3672
C09-J02-A;3673
C09-J02-B;3674
C09-J02-C;3675
C09-J02-D;3676
C09-J03-A;3677
C09-J03-B;3678
C09-J04-A;3679
C09-J05-A;3680
C09-J06-A;3681
C09-J07-A;3682
C09-J08-A;3683
C09-K01-A;3684
C09-K01-B;3685
C09-K01-C;3686
C09-K01-D;3687
C09-K01-E;3688
C09-K01-F;3689
C09-K02-A;3690
C09-K02-B;3691
C09-K02-C;3692
C09-K02-D;3693
C09-K02-E;3694
C09-K03-A;3695
C09-K04-A;3696
C09-K05-A;3697
C09-K06-A;3698
C09-K07-A;3699
C09-L01-A;3700
C09-L02-A;3701
C09-L03-A;3702
C09-L03-B;3703
C09-L04-A;3704
C09-L04-B;3705
C09-L05-A;3706
C09-L05-B;3707
C09-L06-A;3708
C09-L07-A;3709
C09-L07-B;3710
C09-L08-A;3711
C09-M01-A;3712
C09-M02-A;3713
C09-M02-B;3714
C09-M03-A;3715
C09-M03-B;3716
C09-M03-C;3717
C09-M04-A;3718
C09-M04-B;3719
C09-M05-A;3720
C09-M07-A;3721
C09-N01-A;3722
C09-N02-A;3723
C09-N02-B;3724
C09-N03-A;3725
C09-N04-A;3726
C09-N04-B;3727
C09-N05-A;3728
C09-N05-B;3729
C09-N06-A;3730
C09-N06-B;3731
C09-N07-A;3732
C09-N07-B;3733
C09-N07-C;3734
C09-N07-D;3735
C09-O01-A;3736
C09-O01-B;3737
C09-O02-A;3738
C09-O02-B;3739
C09-O03-A;3740
C09-O03-B;3741
C09-O04-A;3742
C09-O04-B;3743
C09-O05-A;3744
C09-O05-B;3745
C09-O05-C;3746
C09-O05-D;3747
C09-O06-A;3748
C09-O07-A;3749
C09-O07-B;3750
C09-O08-A;3751
C09-O08-B;3752
C09-P01-A;3753
C09-P02-A;3754
C09-P05-A;3755
C09-P05-B;3756
C09-P06-A;3757
C09-P06-B;3758
C09-P06-C;3759
C09-P06-D;3750
C09-P06-E;3751
C09-P07-A;3752
C09-P07-B;3753
C09-P07-C;3754
C09-P08-A;3755
C09-P08-B;3756
C09-P08-C;3757
C09-P08-D;3758
C09-P08-E;3759
C10-A01-A;4489
C10-A01-B;4490
C10-A01-C;4491
C10-A01-D;4492
C10-A01-E;4493
C10-A01-F;4494
C10-A02-A;4495
C10-A02-B;4496
C10-A02-C;4497
C10-A02-D;4498
C10-A02-E;4499
C10-A03-A;4500
C10-A03-B;4501
C10-A03-C;4502
C10-A04-A;4503
C10-A04-B;4504
C10-A04-C;4505
C10-A04-D;4506
C10-A04-E;4507
C10-A05-A;4508
C10-A05-B;4509
C10-A05-C;4510
C10-A05-D;4511
C10-A06-A;4512
C10-A06-B;4513
C10-A06-C;4514
C10-A06-D;4515
C10-A06-E;4516
C10-A06-F;4517
C10-A07-A;4518
C10-A07-B;4519
C10-A07-C;4520
C10-A07-D;4521
C10-A07-E;4522
C10-B01-A1;4448
C10-B01-A2;4449
C10-B01-A3;4450
C10-B01-B1;4451
C10-B01-C;4452
C10-B01-D;4453
C10-B01-E1;4454
C10-B01-E2;4455
C10-B01-E3;4453
C10-B01-F1;4454
C10-B01-F2;4455
C10-B02-A1;4456
C10-B02-A2;4457
C10-B02-B;4458
C10-B02-C;4459
C10-B02-D;4460
C10-B02-E2;4461
C10-B02-E3;4462
C10-B02-F1;4463
C10-B02-F5;4464
C10-B03-A;4465
C10-B03-B;4466
C10-B03-C;4467
C10-B03-D;4468
C10-B03-E;4469
C10-B03-F;4470
C10-B04-A;4471
C10-B04-B;4472
C10-B04-C;4473
C10-B04-D;4474
C10-B04-E;4475
C10-B04-F;4476
C10-B05-A;4477
C10-B05-B;4478
C10-B05-C;4479
C10-B05-D;4480
C10-B05-E;4481
C10-B06-A;4482
C10-B06-B;4483
C10-B06-C;4484
C10-B06-D;4485
C10-B07-A;4486
C10-B07-B;4487
C10-B07-C;4488
C10-C01-A;4413
C10-C01-B;4414
C10-C01-C;4415
C10-C01-D;4416
C10-C01-E;4417
C10-C01-F;4418
C10-C02-A;4419
C10-C02-B;4420
C10-C02-C;4421
C10-C02-D;4422
C10-C02-E1;4423
C10-C03-A;4424
C10-C03-B;4425
C10-C03-C;4426
C10-C03-D;4427
C10-C03-E;4428
C10-C03-F;4429
C10-C04-A;4430
C10-C04-B;4431
C10-C04-C;4432
C10-C04-D;4433
C10-C04-E;4434
C10-C05-A;4435
C10-C05-B;4436
C10-C05-C;4437
C10-C05-D1;4438
C10-C05-D2;4439
C10-C05-E;4440
C10-C05-F;4441
C10-C06-A;4442
C10-C06-B;4443
C10-C07-A;4444
C10-C07-B;4445
C10-C07-C;4447
C10-D01-A;4378
C10-D01-B;4379
C10-D01-C;4380
C10-D01-D;4381
C10-D01-E;4382
C10-D01-F;4383
C10-D02-A1;4384
C10-D02-A2;4385
C10-D02-A3;4386
C10-D02-B;4387
C10-D02-C;4388
C10-D02-D;4389
C10-D03-A;4390
C10-D03-B;4391
C10-D03-C;4392
C10-D03-D;4393
C10-D03-E;4394
C10-D04-A1;4395
C10-D04-A2;4396
C10-D04-B;4397
C10-D04-C;4398
C10-D04-D;4399
C10-D04-E;4400
C10-D05-A;4401
C10-D05-B;4402
C10-D05-C;4403
C10-D05-D;4404
C10-D06-A;4405
C10-D06-B;4406
C10-D06-C;4407
C10-D07-A;4408
C10-D07-B;4409
C10-D07-C;4410
C10-D07-D;4411
C10-D07-E;4412
C10-E01-A;4326
C10-E01-B1;4327
C10-E01-B3;4328
C10-E01-C;4329
C10-E01-D;4330
C10-E01-E1;4331
C10-E01-E2;4332
C10-E01-E3;4333
C10-E01-F1;4334
C10-E01-F2;4335
C10-E02-A;4336
C10-E02-B1;4337
C10-E02-B2;4338
C10-E02-C3;4339
C10-E02-D;4340
C10-E02-E;4341
C10-E02-F;4342
C10-E03-A;4343
C10-E03-B;4344
C10-E03-C;4345
C10-E03-D;4346
C10-E03-E;4347
C10-E03-F;4348
C10-E04-A;4349
C10-E04-B;4350
C10-E04-C1;4351
C10-E04-C2;4352
C10-E04-C3;4353
C10-E04-D;4354
C10-E04-E;4355
C10-E05-A;4356
C10-E05-B1;4357
C10-E05-B2;4358
C10-E05-C1;4359
C10-E05-C2;4360
C10-E05-C3;4361
C10-E05-D;4362
C10-E05-E;4363
C10-E06-A;4364
C10-E06-B;4365
C10-E06-C;4366
C10-E06-D;4367
C10-E06-E;4368
C10-E07-A;4369
C10-E07-B;4370
C10-E07-C;4371
C10-E07-D1;4372
C10-E07-D2;4373
C10-E07-E;4374
C10-E07-E1;4375
C10-E07-E2;4376
C10-E07-E3;4377
C10-F01-A;4265
C10-F01-B;4266
C10-F01-C;4267
C10-F01-D;4268
C10-F01-E;4269
C10-F01-F;4270
C10-F02-A;4271
C10-F02-B1;4272
C10-F02-B2;4273
C10-F02-C2;4274
C10-F02-D;4275
C10-F02-E;4276
C10-F03-A1;4277
C10-F03-A2;4278
C10-F03-A3;4279
C10-F03-B1;4280
C10-F03-B2;4281
C10-F03-C;4282
C10-F03-D;4283
C10-F03-E1;4284
C10-F03-E2;4285
C10-F03-F1;4286
C10-F03-F2;4287
C10-F04-A;4288
C10-F04-B;4289
C10-F04-C1;4290
C10-F04-C2;4291
C10-F04-C3;4292
C10-F04-D1;4293
C10-F04-D2;4294
C10-F04-D3;4295
C10-F04-E;4296
C10-F04-F;4297
C10-F05-A1;4298
C10-F05-A2;4299
C10-F05-B;4300
C10-F05-C;4301
C10-F05-D;4302
C10-F05-E1;4303
C10-F05-E2;4304
C10-F05-E3;4305
C10-F06-A1;4306
C10-F06-A2;4307
C10-F06-A3;4308
C10-F06-B1;4309
C10-F06-B2;4310
C10-F06-C1;4311
C10-F06-C2;4312
C10-F06-D1;4313
C10-F06-E1;4314
C10-F06-E2;4315
C10-F07-A1;4316
C10-F07-A2;4317
C10-F07-B1;4318
C10-F07-B2;4319
C10-F07-B3;4320
C10-F07-C1;4321
C10-F07-C2;4322
C10-F07-D1;4323
C10-F07-D2;4324
C10-F07-E;4325
C10-G01-A1;4233
C10-G01-A2;4234
C10-G01-A3;4235
C10-G01-B;4236
C10-G02-A1;4237
C10-G02-A2;4238
C10-G02-A3;4239
C10-G02-B1;4240
C10-G02-B2;4241
C10-G02-B3;4242
C10-G02-C;4243
C10-G02-D;4244
C10-G02-E;4245
C10-G03-A;4246
C10-G03-B;4247
C10-G03-C;4248
C10-G04-A;4249
C10-G04-B;4250
C10-G05-A;4251
C10-G05-B;4252
C10-G05-C;4253
C10-G06-A;4254
C10-G06-B1;4255
C10-G06-B2;4256
C10-G06-B3;4257
C10-G06-C;4258
C10-G06-D;4259
C10-G06-E;4260
C10-G06-F1;4261
C10-G06-F2;4262
C10-G07-A;4263
C10-G07-B;4264
C10-H01-A1;4210
C10-H01-A2;4211
C10-H01-B;4212
C10-H01-C;4213
C10-H01-D;4214
C10-H02-A;4215
C10-H02-B;4216
C10-H02-C;4217
C10-H02-D;4218
C10-H02-E;4219
C10-H03-A;4220
C10-H03-B;4221
C10-H03-C;4222
C10-H03-D;4223
C10-H03-E;4224
C10-H04-A;4225
C10-H04-B;4226
C10-H04-C;4227
C10-H05-A;4228
C10-H05-B;4229
C10-H06-A;4230
C10-H06-B;4231
C10-H07-A;4232
C10-J01-A;4175
C10-J01-B1;4176
C10-J01-B2;4177
C10-J01-B3;4178
C10-J01-C;4179
C10-J01-D;4180
C10-J01-E;4181
C10-J02-A;4182
C10-J02-B1;4183
C10-J02-B2;4184
C10-J02-C;4185
C10-J02-D;4186
C10-J02-E1;4187
C10-J02-E2;4188
C10-J03-A;4189
C10-J03-B;4190
C10-J03-C;4191
C10-J03-D;4192
C10-J03-E1;4193
C10-J03-E2;4194
C10-J04-A;4195
C10-J04-B;4196
C10-J04-C;4197
C10-J04-D;4198
C10-J05-A;4199
C10-J05-B;4200
C10-J05-C;4201
C10-J06-A;4202
C10-J06-B;4203
C10-J06-C;4204
C10-J06-D1;4205
C10-J06-D2;4206
C10-J06-D3;4207
C10-J07-A;4208
C10-J07-B;4209
C10-K01-A1;4149
C10-K01-B;4150
C10-K01-C;4151
C10-K01-D;4152
C10-K01-E;4153
C10-K02-A;4154
C10-K02-B;4155
C10-K02-C;4156
C10-K02-D;4157
C10-K03-A;4158
C10-K03-B;4159
C10-K03-C;4160
C10-K04-A;4161
C10-K04-B;4162
C10-K04-C;4163
C10-K05-A;4164
C10-K05-B;4165
C10-K05-C;4166
C10-K05-D;4167
C10-K05-E;4168
C10-K06-A;4169
C10-K06-B;4170
C10-K06-C;4171
C10-K06-D;4172
C10-K07-A;4173
C10-K07-B;4174
C10-L01-A;4115
C10-L01-B;4116
C10-L01-C;4117
C10-L01-D;4118
C10-L01-E;4119
C10-L02-A1;4120
C10-L02-A2;4121
C10-L02-A3;4122
C10-L02-B;4123
C10-L02-C;4124
C10-L02-D;4125
C10-L02-E;4126
C10-L03-A;4127
C10-L03-B;4128
C10-L03-C;4129
C10-L03-D;4130
C10-L03-E;4131
C10-L03-F;4132
C10-L04-A1;4133
C10-L04-A2;4134
C10-L04-B;4135
C10-L04-C;4136
C10-L04-D1;4137
C10-L04-D2;4138
C10-L04-D3;4139
C10-L04-E;4140
C10-L05-A;4141
C10-L06-A;4142
C10-L06-B;4143
C10-L07-A;4144
C10-L07-B;4145
C10-L07-C;4146
C10-L07-D;4147
C10-L07-E;4148
C10-M01-A;4078
C10-M01-B;4079
C10-M01-C;4080
C10-M01-D;4081
C10-M01-E;4082
C10-M02-A;4083
C10-M02-B;4084
C10-M02-C;4085
C10-M02-D;4086
C10-M02-D2;4087
C10-M02-E;4088
C10-M03-A1;4089
C10-M03-A2;4090
C10-M03-A3;4091
C10-M03-B1;4092
C10-M03-B2;4093
C10-M03-B3;4094
C10-M03-C;4095
C10-M03-D;4096
C10-M03-E;4097
C10-M04-A;4098
C10-M04-B;4099
C10-M04-C;4100
C10-M04-D;4101
C10-M04-E;4102
C10-M04-F;4103
C10-M05-A;4104
C10-M05-B;4105
C10-M05-C;4106
C10-M05-D;4107
C10-M05-E;4108
C10-M06-A;4109
C10-M07-A;4110
C10-M07-B;4111
C10-M07-C;4112
C10-M07-D;4113
C10-M07-E;4114
C10-N01-A;4048
C10-N01-B;4049
C10-N01-C;4050
C10-N01-D;4051
C10-N01-E;4052
C10-N01-F;4053
C10-N02-A;4054
C10-N02-B;4055
C10-N02-C;4056
C10-N02-D;4057
C10-N02-E;4058
C10-N03-A;4059
C10-N03-B;4060
C10-N03-C;4061
C10-N03-D;4062
C10-N04-A;4063
C10-N04-B;4064
C10-N05-A;4065
C10-N05-B;4066
C10-N05-C;4067
C10-N05-D;4068
C10-N05-E;4069
C10-N05-F;4070
C10-N06-A;4071
C10-N06-B;4072
C10-N06-C;4073
C10-N06-D;4074
C10-N06-E;4075
C10-N07-A;4076
C10-N07-B;4077
C10-O01-A;4031
C10-O01-B;4032
C10-O02-A;4033
C10-O02-B;4034
C10-O03-A;4035
C10-O03-B;4036
C10-O03-C;4037
C10-O04-A;4038
C10-O04-B;4039
C10-O04-C;4040
C10-O05-A;4041
C10-O05-B;4042
C10-O05-C;4043
C10-O06-A;4044
C10-O06-B;4045
C10-O07-A;4046
C10-O07-B;4047
C10-P01-A;3993
C10-P01-B;3994
C10-P01-C;3995
C10-P01-D;3996
C10-P02-A;3997
C10-P02-B;3998
C10-P02-C;3999
C10-P02-D;4000
C10-P02-E;4001
C10-P03-A;4002
C10-P03-B;4003
C10-P03-C;4004
C10-P03-D;4005
C10-P03-E;4006
C10-P03-F;4007
C10-P04-A;4008
C10-P04-B;4009
C10-P04-C;4010
C10-P04-D;4011
C10-P04-E;4012
C10-P04-F;4013
C10-P05-A;4014
C10-P05-B;4015
C10-P05-C;4016
C10-P05-D;4017
C10-P05-E;4018
C10-P05-F;4019
C10-P06-A;4020
C10-P06-B;4021
C10-P06-C;4022
C10-P06-D;4023
C10-P06-E;4024
C10-P07-A;4025
C10-P07-B;4026
C10-P07-C;4027
C10-P07-D;4028
C10-P07-E;4029
C10-P07-F;4030
C10-Q01-A;3957
C10-Q01-B;3958
C10-Q01-C;3959
C10-Q01-D;3960
C10-Q01-E;3961
C10-Q01-F;3962
C10-Q02-A;3963
C10-Q02-B;3964
C10-Q02-C;3965
C10-Q02-D;3966
C10-Q02-E;3967
C10-Q02-F;3968
C10-Q03-A;3969
C10-Q03-B;3970
C10-Q03-C;3971
C10-Q03-D;3972
C10-Q03-E;3973
C10-Q04-A;3974
C10-Q04-B;3975
C10-Q04-C;3976
C10-Q04-D;3977
C10-Q04-E;3978
C10-Q05-A;3979
C10-Q05-B;3980
C10-Q05-C;3981
C10-Q05-D;3982
C10-Q05-E;3983
C10-Q06-A;3984
C10-Q06-B;3985
C10-Q06-C;3986
C10-Q06-D;3987
C10-Q07-A;3988
C10-Q07-B;3989
C10-Q07-C;3990
C10-Q07-D;3991
C10-Q07-E;3992
C10-R01-A;3899
C10-R01-B;3900
C10-R01-C;3901
C10-R01-D;3902
C10-R02-A;3903
C10-R02-B;3904
C10-R02-C;3905
C10-R02-D;3906
C10-R02-E1;3907
C10-R02-E2;3908
C10-R02-E3;3909
C10-R03-A1;3910
C10-R03-A2;3911
C10-R03-A3;3912
C10-R03-B1;3913
C10-R03-B2;3914
C10-R03-B3;3915
C10-R03-C1;3916
C10-R03-C2;3917
C10-R03-C3;3918
C10-R03-D1;3919
C10-R03-D2;3920
C10-R03-D3;3921
C10-R03-E1;3922
C10-R03-E2;3923
C10-R03-E3;3924
C10-R03-F1;3925
C10-R03-F2;3926
C10-R03-F3;3927
C10-R04-A1;3928
C10-R04-A2;3929
C10-R04-A3;3930
C10-R04-B1;3931
C10-R04-B2;3932
C10-R04-B3;3933
C10-R04-C1;3934
C10-R04-C2;3935
C10-R04-D1;3936
C10-R04-D2;3937
C10-R04-E;3938
C10-R05-A;3939
C10-R05-B;3940
C10-R05-C;3941
C10-R05-D;3942
C10-R05-E;3943
C10-R06-A1;3944
C10-R06-A2;3945
C10-R06-B1;3946
C10-R06-B2;3947
C10-R06-C;3948
C10-R06-D;3949
C10-R06-E;3950
C10-R06-F;3951
C10-R07-A1;3952
C10-R07-A2;3953
C10-R07-A3;3954
C10-R07-B;3955
C10-R07-C;3956
C10-S01-A1;3858
C10-S01-A2;3859
C10-S01-A3;3860
C10-S01-B;3861
C10-S01-C1;3862
C10-S01-C2;3863
C10-S01-C3;3864
C10-S01-D;3865
C10-S01-E;3866
C10-S02-A1;3867
C10-S02-B1;3868
C10-S02-B2;3869
C10-S02-C;3870
C10-S02-D1;3871
C10-S02-D2;3872
C10-S02-E1;3873
C10-S02-E2;3874
C10-S02-F3;3875
C10-S03-A;3876
C10-S03-B;3877
C10-S03-C;3878
C10-S03-D1;3879
C10-S03-D2;3880
C10-S03-E1;3881
C10-S03-E2;3882
C10-S03-E3;3883
C10-S04-A;3884
C10-S04-B;3885
C10-S04-C;3886
C10-S05-A;3887
C10-S05-B;3888
C10-S05-C;3889
C10-S05-D;3890
C10-S05-E;3891
C10-S06-A;3892
C10-S06-B;3893
C10-S06-C;3894
C10-S06-D;3895
C10-S07-A;3896
C10-S07-B;3897
C10-S07-C;3898
C10-T01-A;3821
C10-T01-B;3822
C10-T01-C;3823
C10-T01-D;3824
C10-T01-E;3825
C10-T02-A;3826
C10-T02-B;3827
C10-T02-C;3828
C10-T02-D;3829
C10-T02-E;3830
C10-T03-A;3831
C10-T03-B;3832
C10-T03-C;3833
C10-T03-D;3834
C10-T03-E;3835
C10-T04-A;3836
C10-T04-B;3837
C10-T04-C;3838
C10-T04-D;3839
C10-T04-E;3840
C10-T05-A;3841
C10-T05-B;3842
C10-T05-C;3843
C10-T05-D;3844
C10-T05-E;3845
C10-T05-F;3846
C10-T06-A;3847
C10-T06-B;3848
C10-T06-C;3849
C10-T06-D;3850
C10-T06-E;3851
C10-T06-F;3852
C10-T07-A;3853
C10-T07-B;3854
C10-T07-C;3855
C10-T07-D;3856
C10-T07-E;3857
C10-U01-A;3785
C10-U01-B;3786
C10-U01-C;3787
C10-U01-D;3788
C10-U01-E;3789
C10-U02-A;3790
C10-U02-B;3791
C10-U02-C;3792
C10-U02-D;3793
C10-U02-E;3794
C10-U03-A;3795
C10-U03-B;3796
C10-U03-C;3797
C10-U03-D;3798
C10-U03-E;3799
C10-U03-F;3800
C10-U04-A;3801
C10-U04-B;3802
C10-U04-C;3803
C10-U04-D;3804
C10-U04-E;3805
C10-U05-A;3806
C10-U05-B;3807
C10-U05-C;3808
C10-U05-D;3809
C10-U05-E;3810
C10-U06-A;3811
C10-U06-B;3812
C10-U06-C;3813
C10-U06-D;3814
C10-U06-E;3815
C10-U07-A;3816
C10-U07-B;3817
C10-U07-C;3818
C10-U07-D;3819
C10-U07-E;3820
C10-V01-A;3784
C10-V02-A;3783
C10-V02-B;3782
C10-V03-A;3781
C10-V04-A;3780
C10-V04-B;3779
C10-V04-C;3778
C10-V04-D;3777
C10-V04-E;3776
C10-V05-A;3775
C10-V05-B;3774
C10-V05-C;3773
C10-V05-D;3772
C10-V05-E;3771
C10-V05-F;3770
C10-V06-A;3769
C10-V06-B;3768
C10-V06-C;3767
C10-V06-D;3766
C10-V06-E;3765
C10-V07-A;3764
C10-V07-B;3763
C10-V07-C;3762
C10-V07-D;3761
C10-V07-E;3760
C15-A01-A;4600
C15-A01-B;4601
C15-A01-C;4602
C15-A01-D;4603
C15-A01-E;4604
C15-A01-F;4605
C15-A02-A;4607
C15-A02-B;4608
C15-A02-C;4609
C15-A02-D;4610
C15-A02-E;4611
C15-A02-F;4612
C15-A03-A;4613
C15-A03-B;4614
C15-A03-C;4615
C15-A03-D;4616
C15-A03-E;4617
C15-A03-F;4618
C15-A04-A;4619
C15-A04-B;4620
C15-A04-C;4621
C15-A04-D;4622
C15-A04-E;4623
C15-A04-F;4624
C15-B01-A;4625
C15-B01-B;4626
C15-B01-C;4627
C15-B01-D;4628
C15-B01-E;4629
C15-B01-F;4630
C15-B02-A;4631
C15-B02-B;4632
C15-B02-C;4633
C15-B02-D;4634
C15-B02-E;4635
C15-B02-F;4636
C15-B03-A;4637
C15-B03-B;4638
C15-B03-C;4639
C15-B03-D;4640
C15-B03-E;4641
C15-B03-F;4642
C15-B04-A;4643
C15-B04-B;4644
C15-B04-C;4645
C15-B04-D;4646
C15-B04-E;4647
C15-B04-F;4648
C15-C01-A;4649
C15-C01-B;4650
C15-C01-C;4651
C15-C01-D;4652
C15-C01-E;4653
C15-C01-F;4654
C15-C02-A;4655
C15-C02-B;4656
C15-C02-C;4657
C15-C02-D;4658
C15-C02-E;4659
C15-C02-F;4660
C15-C03-A;4661
C15-C03-B;4662
C15-C03-C;4663
C15-C03-D;4664
C15-C03-E;4665
C15-C03-F;4666
C15-D01-A;4667
C15-D01-B;4668
C15-D01-C;4669
C15-D01-D;4670
C15-D01-E;4671
C15-D01-F;4672
C15-D02-A;4673
C15-D02-B;4674
C15-D02-C;4675
C15-D02-D;4676
C15-D02-E;4677
C15-D02-F;4678
C15-D03-A;4679
C15-D03-B;4680
C15-D03-C;4681
C15-D03-D;4682
C15-D03-E;4683
C15-D03-F;4684
C15-E01-A;4685
C15-E01-B;4686
C15-E01-C;4687
C15-E01-D;4688
C15-E01-E;4689
C15-E01-F;4690
C15-E02-A;4691
C15-E02-B;4692
C15-E02-C;4693
C15-E02-D;4694
C15-E02-E;4695
C15-E02-F;4696
C15-E03-A;4697
C15-E03-B;4698
C15-E03-C;4699
C15-E03-D;4700
C15-E03-E;4701
C15-E03-F;4702
C16-A01-A;4703
C16-A01-B;4704
C16-A01-C;4705
C16-A01-D;4706
C16-A01-E;4707
C16-A01-F;4708
C16-A02-A;4709
C16-A02-B;4710
C16-A02-C;4711
C16-A02-D;4712
C16-A02-E;4713
C16-A02-F;4714
C16-A03-A;4715
C16-A03-B;4716
C16-A03-C;4717
C16-A03-D;4718
C16-A03-E;4719
C16-A03-F;4720
C16-A04-A;4721
C16-A04-B;4722
C16-A04-C;4723
C16-A04-D;4724
C16-A04-E;4725
C16-A04-F;4726
C16-A05-A;4727
C16-A05-B;4728
C16-A05-C;4729
C16-A05-D;4730
C16-A05-E;4731
C16-A05-F;4732
C16-B01-A;4733
C16-B01-B;4734
C16-B01-C;4735
C16-B01-D;4736
C16-B01-E;4737
C16-B01-F;4738
C16-B02-A;4739
C16-B02-B;4740
C16-B02-C;4741
C16-B02-D;4742
C16-B02-E;4743
C16-B02-F;4744
C16-B03-A;4745
C16-B03-B;4746
C16-B03-C;4747
C16-B03-D;4748
C16-B03-E;4749
C16-B03-F;4750
C16-B04-A;4751
C16-B04-B;4752
C16-B04-C;4753
C16-B04-D;4754
C16-B04-E;4755
C16-B04-F;4756
C16-B05-A;4757
C16-B05-B;4758
C16-B05-C;4759
C16-B05-D;4760
C16-B05-E;4761
C16-B05-F;4762
C16-C01-A;4763
C16-C01-B;4764
C16-C01-C;4765
C16-C01-D;4766
C16-C01-E;4767
C16-C01-F;4768
C16-C02-A;4769
C16-C02-B;4770
C16-C02-C;4771
C16-C02-D;4772
C16-C02-E;4773
C16-C02-F;4774
C16-C03-A;4775
C16-C03-B;4776
C16-C03-C;4777
C16-C03-D;4778
C16-C03-E;4779
C16-C03-F;4780
C16-C04-A;4781
C16-C04-B;4782
C16-C04-C;4783
C16-C04-D;4784
C16-C04-E;4785
C16-C04-F;4786
C16-C05-A;4787
C16-C05-B;4788
C16-C05-C;4789
C16-C05-D;4790
C16-C05-E;4791
C16-C05-F;4792
C16-D01-A;4793
C16-D01-B;4794
C16-D01-C;4795
C16-D01-D;4796
C16-D01-E;4797
C16-D01-F;4798
C16-D02-A;4799
C16-D02-B;4800
C16-D02-C;4801
C16-D02-D;4802
C16-D02-E;4803
C16-D02-F;4804
C16-D03-A;4805
C16-D03-B;4806
C16-D03-C;4807
C16-D03-D;4808
C16-D03-E;4809
C16-D03-F;4810
C16-D04-A;4811
C16-D04-B;4812
C16-D04-C;4813
C16-D04-D;4814
C16-D04-E;4815
C16-D04-F;4816
C16-D05-A;4817
C16-D05-B;4818
C16-D05-C;4819
C16-D05-D;4820
C16-D05-E;4821
C16-D05-F;4822
C16-E01-A;4823
C16-E01-B;4824
C16-E01-C;4825
C16-E01-D;4826
C16-E01-E;4827
C16-E01-F;4828
C16-E01-G;4829
C16-E01-H;4830
C16-E01-J;4831
C16-E01-K;4832
C16-E02-A;4833
C16-E02-B;4834
C16-E02-C;4835
C16-E02-D;4836
C16-E02-E;4837
C16-E02-F;4838
C16-E02-G;4839
C16-E02-H;4840
C16-E02-J;4841
C16-E02-K;4842
C16-E03-A;4843
C16-E03-B;4844
C16-E03-C;4845
C16-E03-D;4846
C16-E03-E;4847
C16-E03-F;4848
C16-E03-G;4849
C16-E03-H;4850
C16-E03-J;4851
C16-E03-K;4852
C16-E04-A;4853
C16-E04-B;4854
C16-E04-C;4855
C16-E04-D;4856
C16-E04-E;4857
C16-E04-F;4858
C16-E04-G;4859
C16-E04-H;4860
C16-E04-J;4861
C16-E04-K;4862
C16-E05-A;4863
C16-E05-B;4864
C16-E05-C;4865
C16-E05-D;4866
C16-E05-E;4867
C16-E05-F;4868
C16-E05-G;4869
C16-E05-H;4870
C16-E05-J;4871
C16-E05-K;4872
C16-F01;4873
C16-F02;4874
C16-F03;4875
C16-F04;4876
C16-F05;4877
C16-F06;4878
C16-F07;4879
C16-F08;4880
C16-F09;4881
C17;4882
C18;4883
C18-A01-A;4884
C18-B01-A;4885
C18-B01-B;4886
C18-B02-A;4887
C18-B02-B;4888
C18-B03-A;4889
C18-B03-B;4890
C18-B04-A;4891
C18-B04-B;4892
C18-B05-A;4893
C18-B05-B;4894
C18-B06-A;4895
C18-B06-B;4896
C18-C01-A;4896
C18-C01-B;4897
C18-C02-A;4898
C18-C02-B;4899
C18-C03-A;4900
C18-C03-B;4901
C18-C04-A;4902
C18-C04-B;4903
C18-C05-A;4904
C18-C05-B;4905
C18-C06-A;4906
C18-C06-B;4907
D;
D01-01;7325
D01-02;7326
D01-03;7327
D01-04;7328
D01-05;7329
D01-06;7330
D01-07;7331
D01-08;7332
D01-09;7333
D01-10;7334
D01-11;7335
D01-12;7336
D01-13;7337
D01-14;7338
D01-15;7339
D01-16;7340
D01-17;7341
D01-18;7342
D01-19;7343
D01-20;7344
D01-21;7345
D01-22;7346
D01-23;7347
D01-24;7348
D01-25;7349
D01-26;7350
D01-27;7351
D01-28;7352
D01-29;7353
D01-30;7354
D01-31;7355
D01-32;7356
D01-33;7357
D01-34;7358
D01-35;7359
D01-36;7360
D01-37;7361
D01-38;7362
D01-39;7363
D01-40;7364
D01-41;7365
D01-42;7366
D01-43;7367
D01-44;7368
D01-45;7369
D01-46;7370
D01-47;7371
D01-48;7372
D01-49;7373
D01-50;7374
D01-51;7375
D01-52;7376
D01-53;7377
D01-54;7378
D01-55;7379
D01-56;7380
D01-57;7381
D01-58;7382
D01-59;7383
D01-60;7384
D01-61;7385
D01-62;7386
D02-A01;7100
D02-A02;7101
D02-A03;7102
D02-A04;7103
D02-A05;7104
D02-A06;7105
D02-A07;7106
D02-A08;7107
D02-A09;7108
D02-B01;7109
D02-B02;7110
D02-B03;7111
D02-B04;7112
D02-B05;7113
D02-B06;7114
D02-B07;7115
D02-B08;7116
D02-B09;7117
D02-C01;7118
D02-C02;7119
D02-C03;7120
D02-C04;7121
D02-C05;7122
D02-C06;7123
D02-C07;7124
D02-C08;7125
D02-C09;7126
D02-D01;7127
D02-D02;7128
D02-D03;7129
D02-D04;7130
D02-D05;7131
D02-D06;7132
D02-D07;7133
D02-D08;7134
D02-D09;7135
D02-E01;7136
D02-E02;7137
D02-E03;7138
D02-E04;7139
D02-E05;7140
D02-E06;7141
D02-E07;7142
D02-E08;7143
D02-E09;7144
D02-F01;7145
D02-F02;7146
D02-F03;7147
D02-F04;7148
D02-F05;7149
D02-F06;7150
D02-F07;7151
D02-F08;7152
D02-F09;7153
D02-G01;7154
D02-G02;7155
D02-G03;7156
D02-H01;7157
D02-H02;7158
D02-H03;7159
D02-H04;7160
D02-H05;7161
D02-H06;7162
D02-H07;7163
D02-H08;7164
D02-H09;7165
D02-J01;7166
D02-J02;7167
D02-J03;7168
D02-J04;7169
D02-J05;7170
D02-J06;7171
D02-J07;7172
D02-J08;7173
D02-J09;7174
D02-K01;7175
D02-K02;7176
D02-K03;7177
D02-K04;7178
D02-K05;7179
D02-K06;7180
D02-K07;7181
D02-K08;7182
D02-K09;7183
D02-L01;7184
D02-L02;7185
D02-L03;7186
D02-L04;7187
D02-L05;7188
D02-L06;7189
D02-L07;7190
D02-L08;7191
D02-L09;7192
D02-M01;7193
D02-M02;7194
D02-M03;7195
D02-M04;7196
D02-M05;7197
D02-M06;7198
D02-M07;7199
D02-M08;7200
D02-M09;7201
D02-N01;7202
D02-N02;7203
D02-N03;7204
D02-N04;7205
D02-N05;7206
D02-N06;7207
D02-N07;7208
D02-N08;7209
D02-N09;7210
D02-O01;7211
D02-O02;7212
D02-O03;7213
D02-O04;7214
D02-O05;7215
D02-O06;7216
D02-O07;7217
D02-O08;7218
D02-O09;7219
D02-P01;7220
D02-P02;7221
D02-P03;7222
D02-P04;7223
D02-P05;7224
D02-P06;7225
D02-P07;7226
D02-P08;7227
D02-P09;7228
D02-Q01;7229
D02-Q02;7230
D02-Q03;7231
D02-Q04;7232
D02-Q05;7233
D02-Q06;7234
D02-Q07;7235
D02-Q08;7236
D02-Q09;7237
D02-R01;7238
D02-R02;7239
D02-R03;7240
D02-R04;7241
D02-R05;7242
D02-R06;7243
D02-R07;7244
D02-R08;7245
D02-R09;7246
D02-S01;7247
D02-S02;7248
D02-S03;7249
D02-S04;7250
D02-S05;7251
D02-S06;7252
D02-S07;7253
D02-S08;7254
D02-S09;7255
D02-T01;7256
D03-A01;6996
D03-A02;6997
D03-A03;6998
D03-A04;6999
D03-A05;7000
D03-A06;7001
D03-B01;6990
D03-B02;6991
D03-B03;6692
D03-B04;6993
D03-B05;6994
D03-B06;6995
D03-C01;6984
D03-C02;6985
D03-C03;6986
D03-C04;6987
D03-C05;6988
D03-C06;6989
D03-D01;6978
D03-D02;6979
D03-D03;6980
D03-D04;6981
D03-D05;6982
D03-D06;6983
D03-E01;6972
D03-E02;6973
D03-E03;6974
D03-E04;6975
D03-E05;6976
D03-E06;6977
D03-F01;6966
D03-F02;6967
D03-F03;6968
D03-F04;6969
D03-F05;6970
D03-F06;6971
D03-G01;6963
D03-G02;6964
D03-G03;6965
D03-H01;6957
D03-H02;6958
D03-H03;6959
D03-H04;6960
D03-H05;6961
D03-H06;6962
D03-J01;6951
D03-J02;6952
D03-J03;6953
D03-J04;6954
D03-J05;6955
D03-J06;6956
D03-K01;6945
D03-K02;6946
D03-K03;6947
D03-K04;6948
D03-K05;6949
D03-K06;6950
D03-L01;6939
D03-L02;6940
D03-L03;6941
D03-L04;6942
D03-L05;6943
D03-L06;6944
D03-M01;6933
D03-M02;6934
D03-M03;6935
D03-M04;6936
D03-M05;6937
D03-M06;6938
D03-N01;6927
D03-N02;6928
D03-N03;6929
D03-N04;6930
D03-N05;6931
D03-N06;6932
D03-O01;6921
D03-O02;6922
D03-O03;6923
D03-O04;6924
D03-O05;6925
D03-O06;6926
D03-P01;6917
D03-P03;6918
D03-P04;6919
D03-P06;6920
D03-Q01;6911
D03-Q02;6912
D03-Q03;6913
D03-Q04;6914
D03-Q05;6915
D03-Q06;6916
D03-R02;6907
D03-R03;6908
D03-R05;6909
D03-R06;6910
D03-S01;6901
D03-S02;6902
D03-S03;6903
D03-S04;6904
D03-S05;6905
D03-S06;6906
D03-T01;6900
D04-A01;6700
D04-A02;6701
D04-A03;6702
D04-A04;6703
D04-A05;6704
D04-A06;6705
D04-A07;6706
D04-A08;6707
D04-A09;6708
D04-B01;6709
D04-B02;6710
D04-B03;6711
D04-B04;6712
D04-B05;6713
D04-B06;6714
D04-B07;6715
D04-B08;6716
D04-B09;6717
D04-C01;6718
D04-C02;6719
D04-C03;6720
D04-C04;6721
D04-C05;6722
D04-C06;6723
D04-C07;6724
D04-C08;6725
D04-C09;6726
D04-D01;6727
D04-D02;6728
D04-D03;6729
D04-D04;6730
D04-D05;6731
D04-D06;6732
D04-D07;6733
D04-D08;6734
D04-D09;6735
D04-E01;6736
D04-E02;6737
D04-E03;6738
D04-E04;6739
D04-E05;6740
D04-E06;6741
D04-E07;6742
D04-E08;6743
D04-E09;6744
D04-F01;6745
D04-F02;6746
D04-F03;6747
D04-F04;6748
D04-F05;6749
D04-F06;6750
D04-F07;6751
D04-F08;6752
D04-F09;6753
D04-G01;6754
D04-G02;6755
D04-G03;6756
D04-H01;6757
D04-H02;6758
D04-H03;6759
D04-H04;6760
D04-H05;6761
D04-H06;6762
D04-H07;6763
D04-H08;6764
D04-H09;6765
D04-J01;6766
D04-J02;6767
D04-J03;6768
D04-J04;6769
D04-J05;6770
D04-J06;6771
D04-J07;6772
D04-J08;6773
D04-J09;6774
D04-K01;6775
D04-K02;6776
D04-K03;6777
D04-K04;6778
D04-K05;6779
D04-K06;6780
D04-K07;6781
D04-K08;6782
D04-K09;6783
D04-L01;6784
D04-L02;6785
D04-L03;6786
D04-L04;6787
D04-L05;6788
D04-L06;6789
D04-L07;6790
D04-L08;6791
D04-L09;6792
D04-M01;6793
D04-M02;6794
D04-M03;6795
D04-M04;6796
D04-M05;6797
D04-M06;6798
D04-M07;6799
D04-M08;6800
D04-M09;6801
D04-N01;6802
D04-N02;6803
D04-N03;6804
D04-N04;6805
D04-N05;6806
D04-N06;6807
D04-N07;6808
D04-N08;6809
D04-N09;6810
D04-O01;6811
D04-O02;6812
D04-O03;6813
D04-O04;6814
D04-O05;6815
D04-O06;6816
D04-O07;6817
D04-O08;6818
D04-O09;6819
D04-P01;6820
D04-P02;6821
D04-P03;6822
D04-P04;6823
D04-P05;6824
D04-P06;6825
D04-P07;6826
D04-P08;6827
D04-P09;6828
D04-Q01;6829
D04-Q02;6830
D04-Q03;6831
D04-Q04;6832
D04-Q05;6833
D04-Q06;6834
D04-Q07;6835
D04-Q08;6836
D04-Q09;6837
D04-R01;6838
D04-R02;6839
D04-R03;6840
D04-R04;6841
D04-R05;6842
D04-R06;6843
D04-R07;6844
D04-R08;6845
D04-R09;6846
D04-S01;6847
D04-S02;6848
D04-S03;6849
D04-S04;6850
D04-S05;6851
D04-S06;6852
D04-S07;6853
D04-S08;6854
D04-S09;6855
D04-T01;6856
D05-A01;6647
D05-A02;6648
D05-A03;6649
D05-A04;6650
D05-A05;6651
D05-A06;6652
D05-A07;6653
D05-A08;6654
D05-A09;6655
D05-B01;6638
D05-B02;6639
D05-B03;6640
D05-B04;6641
D05-B05;6642
D05-B06;6643
D05-B07;6644
D05-B08;6645
D05-B09;6646
D05-C01;6629
D05-C02;6630
D05-C03;6631
D05-C04;6632
D05-C05;6633
D05-C06;6634
D05-C07;6635
D05-C08;6636
D05-C09;6637
D05-D01;6620
D05-D02;6621
D05-D03;6622
D05-D04;6623
D05-D05;6624
D05-D06;6625
D05-D07;6626
D05-D08;6627
D05-D09;6628
D05-E01;6611
D05-E02;6612
D05-E03;6613
D05-E04;6614
D05-E05;6615
D05-E06;6616
D05-E07;6617
D05-E08;6618
D05-E09;6619
D05-F01;6602
D05-F02;6603
D05-F03;6604
D05-F04;6605
D05-F05;6606
D05-F06;6607
D05-F07;6608
D05-F08;6609
D05-F09;6610
D05-G01;6599
D05-G02;6600
D05-G03;6601
D05-H01;6590
D05-H02;6591
D05-H03;6592
D05-H04;6593
D05-H05;6594
D05-H06;6595
D05-H07;6596
D05-H08;6597
D05-H09;6598
D05-J01;6581
D05-J02;6582
D05-J03;6583
D05-J04;6584
D05-J05;6585
D05-J06;6586
D05-J07;6587
D05-J08;6588
D05-J09;6589
D05-K01;6572
D05-K02;6573
D05-K03;6574
D05-K04;6575
D05-K05;6576
D05-K06;6577
D05-K07;6578
D05-K08;6579
D05-K09;6580
D05-L01;6563
D05-L02;6564
D05-L03;6565
D05-L04;6566
D05-L05;6567
D05-L06;6568
D05-L07;6569
D05-L08;6570
D05-L09;6571
D05-M01;6554
D05-M02;6555
D05-M03;6556
D05-M04;6557
D05-M05;6558
D05-M06;6559
D05-M07;6560
D05-M08;6561
D05-M09;6562
D05-N01;6546
D05-N02;6547
D05-N03;6548
D05-N04;6549
D05-N05;6550
D05-N06;6551
D05-N07;6552
D05-N08;6552
D05-N09;6553
D05-O01;6537
D05-O02;6538
D05-O03;6539
D05-O04;6540
D05-O05;6541
D05-O06;6542
D05-O07;6543
D05-O08;6544
D05-O09;6545
D05-P01;6528
D05-P02;6529
D05-P03;6530
D05-P04;6531
D05-P05;6532
D05-P06;6533
D05-P07;6534
D05-P08;6535
D05-P09;6536
D05-Q01;6519
D05-Q02;6520
D05-Q03;6521
D05-Q04;6522
D05-Q05;6523
D05-Q06;6524
D05-Q07;6525
D05-Q08;6526
D05-Q09;6527
D05-R01;6510
D05-R02;6511
D05-R03;6512
D05-R04;6513
D05-R05;6514
D05-R06;6515
D05-R07;6516
D05-R08;6517
D05-R09;6518
D05-S01;6501
D05-S02;6502
D05-S03;6503
D05-S04;6504
D05-S05;6505
D05-S06;6506
D05-S07;6507
D05-S08;6508
D05-S09;6509
D05-T01;6500
D06-01;7323
D06-02;7322
D06-03;7321
D06-04;7320
D06-05;7319
D06-06;7318
D06-07;7317
D06-08;7316
D06-09;7315
D06-10;7314
D06-11;7313
D06-12;7312
D06-13;7311
D06-14;7310
D06-15;7309
D06-16;7308
D06-17;7307
D06-18;7306
D06-19;7305
D06-20;7304
D06-21;7303
D06-22;7302
D06-23;7301
D06-24;7300
D06-25;7299
D06-26;7298
D06-27;7297
D06-28;7296
D06-29;7295
D06-30;7294
D06-31;7293
D06-32;7292
D06-33;7291
D06-34;7290
D06-35;7289
D06-36;7288
D06-37;7287
D06-38;7286
D06-39;7285
D06-40;7284
D06-41;7283
D06-42;7282
D06-43;7281
D06-44;7280
D07-0;7260
D07-1;7261
D07-2;7262
D07-3;7263
D07-4;7264
D07-4-1;7265
D07-5;7266
D07-5-1;7267
D07-6;7268
D07-6-1;7269
D07-7;7270
D07-8;7271
D07-9;7272
D07-A01;
D07-A02;
D07-A03;
D07-A04;
D07-A05;
D07-A06;
D07-A07;
D07-A08;
D07-A09;
D07-B01;
D07-B02;
D07-B03;
D07-B04;
D07-B05;
D07-B06;
D07-B07;
D07-B08;
D07-B09;
D07-C01;
D07-C02;
D07-C03;
D07-C04;
D07-C05;
D07-C06;
D07-C07;
D07-C08;
D07-C09;
D07-D01;
D07-D02;
D07-D03;
D07-D04;
D07-D05;
D07-D06;
D07-D07;
D07-D08;
D07-D09;
D07-E01;
D07-E02;
D07-E03;
D07-E04;
D07-E05;
D07-E06;
D07-E06-A;
D07-E06-B;
D07-E07;
D07-E08;
D07-E09;
D07-F01;
D07-F02;
D07-F03;
D07-F04;
D07-F05;
D07-F06;
D07-F07;
D07-F08;
D07-F09;
DIVERSE;
E;6250
E01-A00;6251
E01-A01;
E01-A02;
E01-A03;
E01-A04;
E01-A05;
E01-A06;
E01-A07;
E01-A08;
E01-A09;
E01-B01;
E01-B02;
E01-B03;
E01-B04;
E01-B05;
E01-B06;
E01-B07;
E01-B08;
E01-B09;
E02-A01;
E02-A02;
E02-A03;
E02-A04;
E02-A05;
E02-A06;
E02-A07;
E02-A08;
E02-A09;
E02-B02;
E02-B03;
E02-B04;
E02-B05;
E02-B06;
E02-B07;
E02-B08;
E02-B09;
E03-A01;
E03-A02;
E03-A03;
E03-A04;
E03-A05;
E03-A06;
E03-A07;
E03-A08;
E03-A09;
E03-B04;
E03-B05;
E03-B06;
E03-B07;
E03-B08;
E03-B09;
E1-1;
E1-2;
E1-3;
E1-4;
E1-5;
E1-6;
E1-7;
F;5000
F01-A01;5001
F01-A02;5002
F01-A03;5003
F01-A04;5004
F01-A05;5005
F01-A06;5006
F01-A07;5007
F01-A08;5008
F01-A09;5009
F01-B01;5010
F01-B02;5011
F01-B03;5012
F01-B04;5013
F01-B05;5014
F01-B06;5015
F01-B07;5016
F01-B08;5017
F01-B09;5018
F01-C01;5019
F01-C02;5020
F01-C03;5021
F01-C04;5022
F01-C05;5023
F01-C06;5024
F01-C07;5025
F01-C08;5026
F01-C09;5027
F01-D01;5028
F01-D02;5029
F01-D03;5030
F01-D04;5031
F01-D05;5032
F01-D06;5033
F01-D07;5034
F01-D08;5035
F01-D09;5036
F01-E01;5037
F01-E02;5038
F01-E03;5039
F01-E04;5040
F01-E05;5041
F01-E06;5042
F01-E07;5043
F01-E08;5044
F01-E09;5045
F01-F01;5046
F01-F02;5047
F01-F03;5048
F01-F04;5049
F01-F05;5050
F01-F06;5051
F01-F07;5052
F01-F08;5023
F01-F09;5024
F01-G01;5025
F01-G02;5026
F01-G03;5027
F01-G04;5028
F01-G05;5029
F01-G06;5030
F01-G07;5031
F01-G08;5032
F01-G09;5033
F02-A01-A;5034
F02-A01-B;5035
F02-A01-C;5036
F02-A01-D;5037
F02-A01-E;5038
F02-A02-A;5039
F02-A02-B;5040
F02-A02-C;5041
F02-A02-D;5042
F02-A03-A;5043
F02-A03-B;5044
F02-A03-C;5045
F02-A03-D;5046
F02-A03-E;5047
F02-A04-A;5048
F02-A04-B;5049
F02-A05-A;5050
F02-A05-B;5051
F02-B01;5052
F02-B02;5053
F02-B03;5054
F02-B04;5055
F02-B05;5056
F02-B06;5057
F02-B07;5058
F02-B08;5059
F02-B09;5060
F02-B10;5061
F02-B11;5062
F02-B12;5063
F02-C01;5064
F02-C02;5065
F02-C03;5066
F02-C04;5067
F02-C05;5068
F02-C06;5069
F02-C07;5070
F02-C08;5071
F02-C09;5072
F02-C10;5073
F02-C11;5074
F02-C12;5075
F02-D01;5076
F02-D02;5077
F02-D03;5078
F02-D04;5079
F02-D05;5080
F02-D06;5081
F02-D07;5082
F02-D08;5083
F02-D09;5084
F02-D10;5085
F02-D11;5086
F02-D12;5087
F02-E01;5088
F02-E02;5089
F02-E03;5090
F02-E04;5091
F02-E05;5092
F02-E06;5093
F02-E07;5094
F02-E08;5095
F02-E09;5096
F02-E10;5097
F02-E11;5098
F02-E12;5099
F03-A01;5153
F03-A02;5152
F03-A03;5151
F03-A04;5150
F03-A05;5149
F03-A06;5148
F03-A07;5147
F03-A08;5146
F03-A09;5145
F03-B01;5144
F03-B02;5143
F03-B03;5142
F03-B04;5141
F03-B05;5140
F03-B06;5139
F03-B07;5138
F03-B08;5137
F03-B09;5136
F03-C01;5135
F03-C02;5134
F03-C03;5133
F03-C04;5132
F03-C05;5131
F03-C06;5130
F03-C07;5129
F03-C08;5128
F03-C09;5127
F03-D01;5126
F03-D02;5125
F03-D03;5124
F03-D04;5123
F03-D05;5122
F03-D06;5121
F03-D07;5120
F03-D08;5119
F03-D09;5118
F03-E01;5117
F03-E02;5116
F03-E03;5115
F03-E04;5114
F03-E05;5113
F03-E06;5112
F03-E07;5111
F03-E08;5110
F03-E09;5109
F03-F01;5108
F03-F02;5107
F03-F03;5106
F03-F04;5105
F03-F05;5104
F03-F06;5103
F03-F07;5102
F03-F08;5101
F03-F09;5100
F04-A01;5200
F04-A02;5201
F04-A03;5202
F04-A04;5203
F04-A05;5204
F04-A06;5205
F04-A06-A;5206
F04-A06-B;5207
F04-B01;5208
F04-B02;5209
F04-B03;5210
F04-B04;5211
F04-B04-A;5212
F04-B04-B;5213
F04-B05;5214
F04-B06;5215
F04-B06-A;5216
F04-B06-B;5217
F04-C01;5218
F04-C02;5219
F04-C03;5220
F04-C04;5221
F04-C04-A;5222
F04-C04-B;5223
F04-C05;5224
F04-C06;5225
F04-D01;5226
F04-D02;5227
F04-D03;5228
F04-D04;5229
F04-D05;5230
F04-D06;5231
F04-E01;5232
F04-E02;5233
F04-E03;5234
F04-E04;5235
F04-E05;5236
F04-E06;5237
F04-F;5238
F05-A01;5371
F05-A02;5370
F05-A03;5369
F05-A04;5368
F05-A05;5367
F05-A06;5366
F05-A07;5365
F05-A07-A;5364
F05-A07-B;5363
F05-A08;5362
F05-A08-A;5361
F05-A08-B;5360
F05-A09;5359
F05-A09-A;5358
F05-A09-B;5357
F05-B01;5356
F05-B02;5355
F05-B03;5354
F05-B04;5353
F05-B04-A;5352
F05-B04-B;5351
F05-B05;5350
F05-B05A;5349
F05-B05-B;5348
F05-B06;5347
F05-B07;5346
F05-B07-A;5345
F05-B07-B;5344
F05-B08;5343
F05-B08-A;5342
F05-B08-B;5341
F05-B09;5340
F05-B09-A;5339
F05-B09-B;5338
F05-C01;5337
F05-C02;5336
F05-C03;5335
F05-C04;5334
F05-C05;5333
F05-C06;5332
F05-C07;5331
F05-C08;5330
F05-C09;5329
F05-D01;5328
F05-D02;5327
F05-D03;5326
F05-D04;5325
F05-D05;5324
F05-D06;5323
F05-D07;5322
F05-D08;5321
F05-D09;5320
F05-E01;5319
F05-E02;5318
F05-E03;5317
F05-E04;5316
F05-E05;5315
F05-E06;5314
F05-E07;5313
F05-E08;5312
F05-E09;5311
F05-E09-A;5310
F05-E09-B;5309
F05-F01;5308
F05-F02;5307
F05-F03;5306
F05-F04;5305
F05-F05;5304
F05-F06;5303
F05-F07;5302
F05-F08;5301
F05-F09;5300
F06-A01;5400
F06-A02;5401
F06-A03;5402
F06-A04;5403
F06-A05;5404
F06-A06;5405
F06-A07;5406
F06-A08;5407
F06-A09;5408
F06-B01;5409
F06-B02;5410
F06-B03;5411
F06-B04;5412
F06-B05;5413
F06-B06;5414
F06-B07;5415
F06-B08;5416
F06-B09;5417
F06-C01;5418
F06-C02;5419
F06-C03;5420
F06-C04;5421
F06-C05;5422
F06-C06;5423
F06-C07;5424
F06-C08;5425
F06-C09;5426
F06-D01;5427
F06-D02;5428
F06-D03;5429
F06-D04;5430
F06-D05;5431
F06-D06;5432
F06-D07;5433
F06-D08;5434
F06-D09;5435
F06-E01;5436
F06-E02;5437
F06-E03;5438
F06-E04;5439
F06-E05;5440
F06-E06;5441
F06-E07;5442
F06-E08;5443
F06-E09;5444
F06-F01;5445
F06-F02;5446
F06-F03;5447
F06-F04;5448
F06-F05;5449
F06-F06;5450
F06-F07;5451
F06-F08;5452
F06-F09;5453
F07-A01;5518
F07-A02;5517
F07-A03;5516
F07-A04;5515
F07-A05;5514
F07-A06;5513
F07-B01;5512
F07-B02;5511
F07-B03;5510
F07-B04;5509
F07-B05;5508
F07-B06;5507
F07-C01;5506
F07-C02;5505
F07-C03;5504
F07-C04;5503
F07-C05;5502
F07-C06;5501
F07-D01;5500
F08-A01;5550
F08-A02;5551
F08-A03;5552
F08-A04;5553
F08-A05;5554
F08-A06;5555
F08-A07;5556
F08-A08;5557
F08-A09;5558
F08-B01;5559
F08-B02;5560
F08-B03;5561
F08-B04;5562
F08-B05;5563
F08-B06;5564
F08-B07;5565
F08-B08;5566
F08-B09;5567
F08-C01;5568
F08-C02;5569
F08-C03;5570
F08-C04;5571
F08-C05;5572
F08-C06;5573
F08-C07;5574
F08-C08;5575
F08-C09;5576
F08-D01;5577
F09-A01;5642
F09-A02;5641
F09-A03;5640
F09-A04;5639
F09-A04-A;5638
F09-A04-B;5637
F09-A05;5636
F09-A05-A;5635
F09-A05-B;5634
F09-A06;5633
F09-A06-A;5632
F09-A06-B;5631
F09-A07;5630
F09-A08;5629
F09-A09;5628
F09-B01;5627
F09-B02;5626
F09-B03;5625
F09-B04;5624
F09-B04-A;5623
F09-B04-B;5622
F09-B05;5621
F09-B06;5620
F09-B06-A;5619
F09-B06-B;5618
F09-B07;5617
F09-B08;5616
F09-B09;5615
F09-C01;5614
F09-C02;5613
F09-C03;5612
F09-C04;5611
F09-C04-A;5610
F09-C04-B;5609
F09-C05;5608
F09-C05-A;5607
F09-C05-B;5606
F09-C06;5605
F09-C06-A;5604
F09-C06-B;5603
F09-C07;5602
F09-C08;5601
F09-C09;5600
F10-A01;5700
F10-A02;5701
F10-A03;5702
F10-A04;5703
F10-A05;5704
F10-A06;5705
F10-A07;5706
F10-A08;5707
F10-A09;5708
F10-B01;5709
F10-B02;5710
F10-B03;5711
F10-B04;5712
F10-B05;5713
F10-B06;5714
F10-B07;5715
F10-B08;5716
F10-B09;5717
F10-C01;5718
F10-C02;5719
F10-C03;5720
F10-C04;5721
F10-C05;5722
F10-C06;5723
F10-C07;5724
F10-C08;5725
F10-C09;5726
F11-A00;5786
F11-A01;5785
F11-A02;5784
F11-A03;5783
F11-A04;5782
F11-A05;5781
F11-A06;5780
F11-A07;5779
F11-A08;5778
F11-A09;5777
F11-A10;5776
F11-A11;5775
F11-A12;5774
F11-B01;5773
F11-B02;5772
F11-B03;5771
F11-B04;5770
F11-B05;5769
F11-B06;5768
F11-B07;5767
F11-B08;5766
F11-B09;5765
F11-B10;5764
F11-B11;5763
F11-B12;5762
F11-C01;5761
F11-C02;5760
F11-C03;5759
F11-C04;5758
F11-C05;5757
F11-C06;5756
F11-C07;5755
F11-C08;5754
F11-C09;5753
F11-C10;5752
F11-C11;5751
F11-C12;5750
F11-D01;5800
F12-A01;5801
F12-A02;5802
F12-A03;5803
F12-A04;5804
F12-A05;5805
F12-A06;5806
F12-A07;5807
F12-A08;5808
F12-A09;5809
F12-B01;5810
F12-B02;5811
F12-B03;5812
F12-B04;5813
F12-B05;5814
F12-B06;5815
F12-B07;5816
F12-B08;5817
F12-B09;5818
F12-C01;5819
F12-C02;5820
F12-C03;5821
F12-C04;5822
F12-C05;5823
F12-C06;5824
F12-C07;5825
F12-C08;5826
F12-C09;5827
F12-D01;5828
F12-D02;5829
F12-D03;5830
F12-D04;5831
F12-D05;5832
F12-D06;5833
F12-D07;5834
F12-D08;5835
F12-D09;5836
F12-E01;5837
F12-E02;5838
F12-E03;5839
F12-E04;5840
F12-E05;5841
F12-E06;5842
F13-A01;5850
F13-A02;5851
F13-A03;5852
F13-A04;5853
F13-A05;5854
F13-A06;5855
F13-A07;5856
F13-A08;5857
F13-A09;5858
F13-B01;5859
F13-B02;5860
F13-B03;5861
F13-B04;5862
F13-B05;5863
F13-B06;5864
F13-B07;5865
F13-B08;5866
F13-B09;5867
F13-C01;5868
F13-C02;5869
F13-C03;5870
F13-C04;5871
F13-C05;5872
F13-C06;5873
F13-C07;5874
F13-C08;5875
F13-C09;5876
F13-D01;5877
F13-D02;5878
F13-D03;5879
F13-D04;5880
F13-D05;5881
F13-D06;5882
F13-D07;5883
F13-D08;5884
F13-D09;5885
F13-E01;5886
F13-E02;5887
F13-E03;5888
F13-E04;5889
F13-E05;5890
F13-E06;5891
G;6077
G01-A01;6000
G01-A02;6001
G01-A03;6002
G01-A04;6003
G01-A05;6004
G01-A06;6005
G01-A07;6006
G01-A08;6007
G01-A09;6008
G01-B01;6009
G01-B02;6010
G01-B03;6011
G01-B04;6012
G01-B05;6013
G01-B06;6014
G01-B07;6015
G01-B08;6016
G01-B09;6017
G01-C01;6018
G01-C02;6019
G01-C03;6020
G01-C04;6021
G01-C05;6022
G01-C06;6023
G01-C07;6024
G01-C08;6025
G01-C09;6026
G01-D01-A;6027
G02-A00;6028
G02-A01-A;6029
G02-A01-B;6030
G02-A01-C;6031
G02-A02-A;6032
G02-A02-B;6033
G02-A02-C;6034
G02-A02-D;6035
G02-A02-E;6036
G02-A03-A;6037
G02-A03-B;6038
G02-A03-C;6039
G02-A03-D;6040
G02-A03-E;6041
G02-A04-A;6042
G02-A04-B;6043
G02-A04-C;6044
G02-A04-D;6045
G02-A04-E;6046
G02-B;6047
G02-C;6048
G02-D;6049
G02-D01-A;6050
G02-D01-B;6051
G02-D01-C;6052
G02-D01-D;6053
G02-D01-E;6054
G02-D02-A;6055
G02-D02-B;6056
G02-D02-C;6057
G02-E;6058
G02-F01-A;6059
G02-F01-B;6060
G02-F01-C;6061
G02-F02-A;6062
G02-F02-B;6063
G02-F02-C;6064
G02-F02-D;6065
G02-F02-E;6066
G02-F03-A;6067
G02-F03-B;6068
G02-F03-C;6069
G02-F03-D;6070
G02-F03-E;6071
G02-F04-A;6072
G02-F04-B;6073
G02-F04-C;6074
G02-F04-D;6075
G02-F04-E;6076
G03-A00;6124
G03-A01;6123
G03-A02;6122
G03-A03;6121
G03-A04;6120
G03-A05;6119
G03-A06;6118
G03-B01;6117
G03-B02;6116
G03-B03;6115
G03-B03-A;6114
G03-B03-B;6113
G03-B04;6112
G03-B05;6111
G03-B06;6110
G03-C01;6109
G03-C02;6108
G03-C03;6107
G03-C04;6106
G03-C05;6105
G03-C06;6104
G03-C06-A;6103
G03-C06-B;6102
G03-C07;6101
G03-C07-A;6100
G03-C07-B;6099
G03-C08;6098
G03-C09;6097
G03-D01;6096
G03-D02;6095
G03-D03;6094
G03-D04;6093
G03-D05;6092
G03-D05-A;6091
G03-D05-B;6090
G03-D06;6089
G03-D06-A;6088
G03-D06-B;6087
G03-D07;6086
G03-D07-A;6085
G03-D07-B;6084
G03-D08;6083
G03-D08-A;6082
G03-D08-B;6081
G03-D09;6080
G03-D09-A;6079
G03-D09-B;6078
G04-A00;6150
G04-A01;6151
G04-A02;6152
G04-A03;6153
G04-A04;6154
G04-B01;6155
G04-B02;6156
G04-B03;6157
G04-B04;6158
G04-C01;6159
G04-C02;6160
G04-C03;6161
G04-C04;6162
G04-C05;6163
G04-C06;6164
G04-D01;6165
G04-D02;6166
G04-D03;6167
G04-D04;6168
G04-D05;6169
G04-D06;6170
G05-A00;6236
G05-A01;6227
G05-A02;6228
G05-A03;6229
G05-A04;6230
G05-A05;6231
G05-A06;6232
G05-A07;6233
G05-A08;6234
G05-A09;6235
G05-B01;6218
G05-B02;6219
G05-B03;6220
G05-B04;6221
G05-B05;6222
G05-B06;6223
G05-B07;6224
G05-B08;6225
G05-B09;6226
G05-C01;6209
G05-C02;6210
G05-C03;6211
G05-C04;6212
G05-C05;6213
G05-C06;6214
G05-C07;6215
G05-C08;6216
G05-C09;6217
G05-D01;6200
G05-D02;6201
G05-D03;6202
G05-D04;6203
G05-D05;6204
G05-D06;6205
G05-D07;6206
G05-D08;6207
G05-D09;6208
H;
J;
KONTOR;50000
NY VARE;
PRODUKTION;
TOM;
UNIQWEST;
E1-1;6252
E1-2;6253
E1-3;6254
E1-4;6255
E1-5;6256
E1-6;6257
E1-7;6258
E1-8;6259
E1-9;6260
E1-10;6261
E1-11;6262
E1-12;6263
E1-13;6264
E1-14;6265
E1-15;6266
E1-16;6267
E1-17;6268
E1-18;6269
E1-19;6270
E1-20;6271
E1-21;6272
E1-22;6273
E1-23;6274
E1-24;6275
E1-25;6276
E1-26-A;6277
E1-26-B;6278
E1-26-C;6279
E1-26-D;6280
E1-26-E;6281
E1-27-A;6282
E1-27-B;6283
E1-27-C;6284
E1-27-D;6285
E1-27-E;6286
E1-28-A;6287
E1-28-B;6288
E1-28-C;6289
E1-28-D;6290
E1-28-E;6291
E1-29-A;6292
E1-29-B;6293
E1-29-C;6294
E1-29-D;6295
E1-29-E;6296
E2-1;6297
E2-2;6298
E2-3;6299
E2-4;6300
E2-5;6301
E2-6;6302
E2-7;6303
E2-8;6304
E3-A1;6305
E3-A2;6306
E3-A3;6307
E3-A4;6308
E3-A5;6309
E3-A6;6310
E3-B1;6311
E3-B2;6312
E3-B3;6313
E3-B4;6314
E3-B5;6315
E3-B6;6316
E3-C1;6317
E3-C2;6318
E3-C3;6319
E3-C4;6320
E3-C5;6321
E3-C6;6322
E3-D1;6323
E3-D2;6324
E3-D3;6325
E3-D4;6326
E3-D5;6327
E3-D6;6328
E3-E1;6329
E3-E2;6330
E3-E3;6331
E3-E4;6332
E3-E5;6333
E3-E6;6334
E3-F1;6335
E3-F2;6336
E3-F3;6337
E3-F4;6338
E3-F5;6339
E3-F6;6340
E3-G1;6341
E3-G2;6342
E3-G3;6343
E3-G4;6344
E3-G5;6345
E3-G6;6346
E3-H1;6347
E3-H2;6348
E3-H3;6349
E3-H4;6350
E3-H5;6351
E3-H6;6352
E4-1;6353
E4-2;6354
E4-3;6355
E4-4;6356
E4-5;6357
E4-6;6358
E5-1;6359
E5-2;6360
E5-3;6361
E5-4;6362
E5-5;6363
E5-6;6364
E5-7;6365
E5-8;6366
E5-9;6367
E5-10;6368
E5-11;6369
E5-12;6370
E5-13;6371
E5-14;6372
E5-15;6373
E5-16;6374
E5-17;6375
E5-18;6376
E5-19;6377
E5-20;6378
E5-21;6379
E5-22;6380
E5-23;6381
E5-24;6382
E6-1;6383
E6-2;6384
E6-3;6385
E6-4;6386
E6-5;6387
E6-6;6388
E6-7;6389
E6-8;6390
E6-9;6391
E6-10;6392
E6-11;6393
E6-12;6394
E6-13;6395
E6-14;6396
E6-15;6397
E6-16;6398
E6-17;6399
E6-18;6400
E6-19;6401
E6-20;6402
E6-21;6403
E6-22;6404
E6-23;6405
E6-24;6406
E6-25;6407
E6-26;6408
E6-27;6409
E6-28;6410
E6-29;6411
E6-30;6412
